NPRODUCTO,CONCURSO,R1,R2,R3,R4,R5,R6,R7,R8,R9,R10,R11,R12,R13,R14,BOLSA,FECHA
10,2348,L,E,L,L,V,E,L,L,E,E,V,L,E,E,17500000,31/08/2026
10,2347,L,E,L,E,L,L,L,V,V,E,V,E,L,V,12500000,24/08/2026
10,2346,L,L,V,E,L,L,L,V,L,L,V,L,E,E,7000000,17/08/2026
10,2345,V,V,V,V,L,L,L,L,V,L,L,L,E,L,5000000,10/08/2026
10,2344,E,V,V,L,E,L,E,E,E,V,E,E,L,L,24500000,03/08/2026
10,2343,E,V,L,V,L,V,E,E,L,L,E,L,L,V,18500000,27/07/2026
10,2342,E,V,V,V,V,E,V,E,E,V,E,L,E,V,13000000,20/07/2026
10,2341,E,E,L,V,V,L,E,L,V,L,V,L,L,E,9000000,12/07/2026
10,2340,V,V,V,V,V,L,E,L,E,V,V,E,E,E,7000000,07/07/2026
10,2339,L,E,V,E,L,L,L,L,E,E,L,V,L,V,5000000,04/07/2026
10,2338,V,L,L,E,L,E,V,E,V,E,L,E,L,E,5000000,28/06/2026
10,2337,L,E,L,L,V,V,L,L,V,V,L,L,V,V,0,24/06/2026
10,2336,L,L,E,L,E,L,E,L,L,E,E,L,L,L,11000000,17/06/2026
10,2335,L,E,E,L,L,L,V,L,V,L,E,V,V,E,5000000,01/06/2026
10,2334,V,E,L,V,L,L,E,V,L,V,V,E,V,V,8000000,25/05/2026
10,2333,L,V,L,L,L,E,V,E,L,L,V,E,L,L,5000000,18/05/2026
10,2332,L,L,E,E,L,V,E,L,L,L,V,L,E,L,5000000,11/05/2026
10,2331,E,L,V,V,L,L,E,L,E,E,E,E,V,L,14000000,04/05/2026
10,2330,V,V,V,L,V,E,E,L,V,E,V,V,L,E,9000000,27/04/2026
10,2329,V,V,L,V,L,E,V,L,V,L,V,L,E,V,5000000,20/04/2026
10,2328,L,L,E,E,L,L,E,V,V,V,V,V,L,V,9000000,13/04/2026
10,2327,L,V,L,V,V,L,E,L,V,L,V,L,V,L,5000000,06/04/2026
10,2326,E,V,V,V,V,V,L,L,V,E,L,V,E,V,5000000,30/03/2026
10,2325,V,V,L,E,V,L,L,E,V,V,V,L,V,E,15000000,23/03/2026
10,2324,E,E,E,E,L,E,V,L,V,E,V,E,E,V,9000000,16/03/2026
10,2323,V,V,L,L,E,L,V,V,E,V,L,V,E,V,5000000,09/03/2026
10,2322,L,E,L,V,V,E,V,L,E,L,L,E,V,E,35000000,02/03/2026
10,2321,L,L,E,L,V,E,E,L,L,L,L,L,L,L,27000000,23/02/2026
10,2320,L,L,V,E,E,E,V,V,E,V,V,L,V,E,20300000,16/02/2026
10,2319,L,E,E,L,L,V,L,V,E,E,E,V,L,L,14300000,09/02/2026
10,2318,V,V,V,E,E,E,V,E,L,E,V,L,E,E,8000000,02/02/2026
10,2317,V,L,V,E,L,L,V,L,L,E,V,V,E,L,5000000,26/01/2026
10,2316,V,E,E,E,E,L,L,L,L,L,L,E,E,V,21000000,19/01/2026
10,2315,E,L,L,V,V,E,E,V,E,V,E,E,V,E,15000000,12/01/2026
10,2314,E,V,E,L,V,L,V,V,E,L,L,L,L,V,9300000,05/01/2026
10,2313,L,V,V,V,V,E,L,E,E,E,V,L,L,E,6200000,29/12/2025
10,2312,V,L,E,V,L,E,V,E,E,V,L,E,V,E,5000000,22/12/2025
10,2311,L,V,L,V,L,V,V,V,V,L,E,V,L,V,5000000,15/12/2025
10,2310,L,E,L,E,V,L,L,L,E,E,E,L,E,L,18500000,08/12/2025
10,2309,L,L,V,V,V,E,V,V,V,E,V,E,L,L,13000000,01/12/2025
10,2308,L,V,V,V,V,V,V,L,E,V,L,E,E,V,7000000,24/11/2025
10,2307,E,L,E,L,L,V,L,E,E,L,V,L,V,L,5000000,17/11/2025
10,2306,E,L,L,L,E,L,L,L,L,E,E,E,L,L,39000000,10/11/2025
10,2305,V,E,V,V,L,V,L,V,L,V,L,E,V,V,30000000,03/11/2025
10,2304,E,L,V,E,V,L,V,E,L,L,V,E,V,V,23500000,27/10/2025
10,2303,L,E,L,V,L,L,E,E,V,V,E,V,V,L,17500000,20/10/2025
10,2302,V,V,E,L,E,L,V,V,E,L,V,L,L,L,12000000,13/10/2025
10,2301,L,L,E,V,E,V,V,E,L,L,E,E,V,L,8500000,06/10/2025
10,2300,L,L,E,L,V,L,E,V,L,L,V,L,V,V,5000000,29/09/2025
10,2299,E,L,E,V,E,V,L,V,V,V,L,L,E,L,8000000,22/09/2025
10,2298,V,V,E,E,L,E,V,V,L,V,V,L,L,E,5000000,15/09/2025
10,2297,E,V,V,L,V,L,E,E,V,V,E,V,L,E,23300000,08/09/2025
10,2296,V,L,V,L,V,E,V,L,L,E,L,V,L,E,17500000,01/09/2025
10,2295,E,L,V,E,E,L,L,L,L,E,L,V,V,V,12500000,25/08/2025
10,2294,V,V,L,E,E,E,V,V,V,L,L,L,L,V,8000000,18/08/2025
10,2293,V,E,V,E,V,E,E,V,V,E,V,L,L,V,5000000,12/08/2025
10,2292,L,L,L,E,E,E,E,L,V,E,E,L,L,L,11800000,04/08/2025
10,2291,V,E,E,L,L,L,E,L,L,E,V,E,E,E,7500000,27/07/2025
10,2290,V,L,L,E,V,V,V,E,L,V,V,V,L,L,5000000,21/07/2025
10,2289,E,L,E,L,V,L,V,L,V,V,E,E,L,V,21000000,14/07/2025
10,2288,V,L,L,E,L,E,E,V,E,E,V,L,L,E,15700000,07/07/2025
10,2287,E,L,E,V,V,E,V,E,L,V,E,E,V,E,11000000,30/06/2025
10,2286,E,E,E,L,L,E,L,V,L,E,E,V,E,V,7500000,23/06/2025
10,2285,E,L,E,L,L,V,L,V,V,L,V,L,E,E,5000000,16/06/2025
10,2284,E,E,V,L,V,V,E,E,V,E,E,V,E,L,20900000,09/06/2025
10,2283,L,L,E,E,L,V,V,V,V,L,L,E,V,E,16000000,02/06/2025
10,2282,L,V,E,E,V,E,V,L,V,E,V,V,L,V,11700000,26/05/2025
10,2281,L,L,L,V,L,L,V,L,V,V,E,E,V,L,7800000,19/05/2025
10,2280,L,L,L,V,L,L,E,E,V,E,L,V,L,L,5000000,12/05/2025
10,2279,L,V,E,L,V,V,E,E,E,E,V,E,L,E,16700000,05/05/2025
10,2278,V,E,E,E,V,E,V,E,V,V,L,L,L,E,11700000,28/04/2025
10,2277,E,E,L,L,L,V,V,V,E,V,V,E,V,L,7700000,21/04/2025
10,2276,E,L,E,V,V,L,E,E,V,E,E,V,E,E,5000000,14/04/2025
10,2275,V,L,L,L,E,L,E,E,E,L,V,V,E,V,9500000,07/04/2025
10,2274,L,L,V,V,V,L,E,L,V,L,V,E,V,L,5000000,31/03/2025
10,2273,E,V,V,L,E,E,V,V,E,E,E,L,L,L,26000000,24/03/2025
10,2272,E,V,E,V,E,V,E,L,L,V,E,V,L,L,19700000,17/03/2025
10,2271,V,E,E,L,V,E,E,V,E,E,L,L,V,L,14700000,10/03/2025
10,2270,V,E,L,V,E,V,V,E,V,L,V,E,E,L,9000000,03/03/2025
10,2269,L,V,L,L,V,L,V,V,L,V,L,L,L,V,5000000,24/02/2025
10,2268,L,L,L,L,L,L,E,L,V,V,E,E,L,V,32700000,17/02/2025
10,2267,E,L,L,E,L,V,V,L,E,V,L,L,L,E,24700000,10/02/2025
10,2266,V,L,V,E,L,E,V,L,V,E,E,E,V,V,18500000,03/02/2025
10,2265,E,V,V,L,L,V,V,E,L,L,L,E,L,L,13000000,27/01/2025
10,2264,L,E,V,L,L,V,L,L,V,V,L,L,E,E,8300000,20/01/2025
10,2263,V,E,V,L,V,E,V,E,V,L,V,V,V,V,5000000,13/01/2025
10,2262,E,L,V,E,E,V,E,V,E,L,L,E,E,L,18300000,06/01/2025
10,2261,V,E,V,V,E,E,E,L,L,L,E,L,V,E,14300000,30/12/2024
10,2260,V,L,V,L,V,E,V,L,V,V,L,V,L,L,10700000,23/12/2024
10,2259,E,E,L,L,E,L,V,V,L,E,V,V,V,L,7300000,16/12/2024
10,2258,V,L,L,L,V,V,E,E,E,E,E,L,V,L,5000000,09/12/2024
10,2257,V,V,L,V,V,L,E,E,L,L,L,L,V,V,7900000,02/12/2024
10,2256,L,L,V,E,L,V,E,E,V,E,V,L,L,V,5000000,25/11/2024
10,2255,E,E,E,E,V,V,V,E,E,E,L,V,E,V,16300000,18/11/2024
10,2254,L,E,E,V,V,V,E,V,E,L,L,V,E,V,12000000,11/11/2024
10,2253,V,E,V,E,E,L,E,V,L,V,L,E,L,E,7900000,04/11/2024
10,2252,V,E,V,V,L,V,E,L,E,L,E,V,V,L,5000000,28/10/2024
10,2251,V,V,V,L,V,V,V,V,V,E,E,E,V,V,27000000,21/10/2024
10,2250,E,V,E,V,L,E,L,E,V,V,V,V,E,L,21000000,14/10/2024
10,2249,L,V,V,L,E,V,L,L,L,V,V,V,L,L,15900000,07/10/2024
10,2248,E,V,E,V,E,V,E,E,E,L,V,L,E,L,11700000,30/09/2024
10,2247,L,E,L,L,E,E,L,V,V,E,V,V,V,V,7500000,23/09/2024
10,2246,L,L,E,L,L,V,E,E,V,L,L,L,L,E,5000000,16/09/2024
10,2245,L,V,L,L,L,L,V,L,V,L,V,V,E,L,15500000,09/09/2024
10,2244,L,V,L,V,E,E,L,E,V,L,L,L,V,E,11300000,02/09/2024
10,2243,E,L,L,L,E,L,V,V,L,V,L,E,E,E,7300000,26/08/2024
10,2242,L,E,V,L,E,V,V,L,E,L,V,V,E,L,5000000,19/08/2024
10,2241,V,V,E,V,L,V,E,V,V,V,E,E,E,L,14000000,11/08/2024
10,2240,L,E,L,V,E,E,V,E,V,E,V,V,L,V,10500000,05/08/2024
10,2239,L,L,V,E,V,L,E,V,L,V,L,L,E,L,6900000,29/07/2024
10,2238,V,V,V,E,L,E,L,E,L,V,E,E,L,E,5000000,22/07/2024
10,2237,E,L,E,L,E,E,V,L,E,E,E,V,E,E,11700000,15/07/2024
10,2236,E,L,E,L,V,L,E,L,E,L,L,L,E,E,7500000,08/07/2024
10,2235,E,E,V,V,V,L,L,L,L,L,L,E,V,L,5000000,02/07/2024
10,2234,V,E,V,E,L,V,L,E,L,V,V,E,E,L,7000000,24/06/2024
10,2233,V,L,V,E,L,V,V,L,E,E,V,E,V,L,5000000,17/06/2024
10,2232,V,L,V,E,V,V,L,V,L,L,L,E,E,L,9500000,10/06/2024
10,2231,L,E,E,L,V,L,L,L,L,L,V,V,L,E,6500000,03/06/2024
10,2230,L,E,V,V,L,E,L,V,L,L,E,L,L,E,5000000,27/05/2024
10,2229,L,V,V,E,L,V,L,L,L,L,E,E,E,V,15000000,20/05/2024
10,2228,E,E,E,E,V,L,V,L,E,E,E,E,L,L,10900000,13/05/2024
10,2227,E,L,V,L,L,L,E,L,E,E,V,L,L,V,7700000,06/05/2024
10,2226,E,E,V,V,V,L,L,V,L,L,L,L,L,L,5000000,29/04/2024
10,2225,L,L,V,L,V,V,E,L,V,V,V,E,V,E,7900000,22/04/2024
10,2224,L,V,L,E,L,V,L,L,L,V,E,V,E,L,5000000,15/04/2024
10,2223,V,L,E,V,V,V,V,E,V,L,V,L,V,V,5000000,08/04/2024
10,2222,L,V,E,V,V,L,E,L,V,E,V,V,E,V,8300000,01/04/2024
10,2221,V,L,V,E,V,V,L,V,L,V,V,E,L,V,5000000,25/03/2024
10,2220,E,E,E,L,L,L,V,E,E,V,L,L,L,E,13400000,18/03/2024
10,2219,L,L,V,V,V,E,V,E,L,L,E,E,E,L,8300000,11/03/2024
10,2218,L,L,L,V,L,E,L,E,L,E,V,V,L,L,5000000,04/03/2024
10,2217,E,L,L,E,L,E,L,V,L,E,V,E,E,E,5000000,26/02/2024
10,2216,V,L,L,V,V,V,E,E,V,L,L,V,L,V,13300000,19/02/2024
10,2215,E,E,L,V,V,E,L,L,L,L,V,E,E,V,8700000,12/02/2024
10,2214,L,E,E,L,V,L,L,E,L,L,V,E,V,L,5000000,05/02/2024
10,2213,E,L,L,V,V,E,L,L,E,E,E,L,E,L,8000000,29/01/2024
10,2212,L,E,E,L,V,E,L,E,V,V,E,E,E,V,5000000,22/01/2024
10,2211,V,V,E,V,L,E,L,E,E,V,L,E,V,V,44300000,15/01/2024
10,2210,V,L,V,V,L,V,L,L,E,E,V,V,L,V,35500000,07/01/2024
10,2209,L,L,E,E,L,E,L,V,L,L,L,L,L,V,29000000,01/01/2024
10,2208,L,V,E,L,L,L,E,L,L,L,L,E,E,E,23900000,24/12/2023
10,2207,E,V,L,E,L,E,L,V,E,E,E,V,V,E,18500000,18/12/2023
10,2206,V,E,L,E,L,L,E,E,L,V,V,E,E,V,14700000,11/12/2023
10,2205,L,L,L,V,L,L,V,E,V,V,V,V,L,E,10700000,04/12/2023
10,2204,L,L,V,V,V,V,E,V,E,E,V,V,L,E,6900000,27/11/2023
10,2203,L,L,L,L,L,L,E,V,V,E,E,L,V,V,5000000,21/11/2023
10,2202,V,L,E,V,E,E,E,E,L,L,V,V,E,E,11500000,13/11/2023
10,2201,L,L,V,L,L,L,V,L,L,L,V,E,V,E,7500000,06/11/2023
10,2200,L,L,V,V,L,V,V,L,E,L,L,L,E,V,5000000,30/10/2023
10,2199,V,L,L,V,E,V,V,E,V,E,L,E,E,L,7500000,23/10/2023
10,2198,L,V,V,V,V,L,L,L,L,E,L,E,L,L,5000000,16/10/2023
10,2197,E,L,V,V,V,L,E,E,V,L,V,E,E,E,24000000,09/10/2023
10,2196,L,L,E,L,E,V,L,V,E,L,L,E,V,E,19900000,02/10/2023
10,2195,V,L,E,E,L,L,E,V,L,E,E,E,E,L,15000000,25/09/2023
10,2194,L,E,L,L,E,L,L,E,L,E,L,E,L,E,10300000,18/09/2023
10,2193,L,L,E,V,L,V,E,E,L,E,E,E,E,E,6700000,11/09/2023
10,2192,L,V,L,L,L,L,V,V,E,E,V,V,L,L,5000000,04/09/2023
10,2191,E,E,L,V,L,L,V,V,V,E,V,V,V,L,10800000,28/08/2023
10,2190,E,V,E,E,E,V,V,E,V,L,L,E,V,L,7300000,21/08/2023
10,2189,E,E,E,E,V,E,E,L,V,V,V,V,L,L,5000000,14/08/2023
10,2188,L,V,E,E,L,L,V,V,E,L,E,L,L,E,6300000,07/08/2023
10,2187,L,E,V,V,V,L,L,L,V,L,L,L,V,L,5000000,31/07/2023
10,2186,L,E,L,L,E,L,L,V,V,L,E,L,L,E,5000000,24/07/2023
10,2185,L,L,L,E,V,E,E,E,E,L,V,V,L,V,15900000,17/07/2023
10,2184,E,V,E,L,E,L,L,L,V,E,V,E,L,V,11700000,10/07/2023
10,2183,V,L,E,L,L,L,V,V,E,L,E,V,V,L,7500000,03/07/2023
10,2182,V,L,L,L,E,L,L,V,L,L,V,V,V,E,5000000,26/06/2023
10,2181,V,V,V,E,E,E,E,V,V,V,E,E,V,V,36500000,19/06/2023
10,2180,E,L,L,L,L,E,L,E,L,L,E,V,L,E,31500000,12/06/2023
10,2179,V,L,L,E,E,L,L,L,V,V,L,E,E,L,26000000,05/06/2023
10,2178,E,L,V,E,L,E,L,V,L,V,E,E,E,V,21300000,29/05/2023
10,2177,V,V,V,V,E,E,L,V,L,V,L,E,V,L,16500000,22/05/2023
10,2176,L,L,V,L,L,V,E,E,L,V,V,L,V,V,12000000,15/05/2023
10,2175,E,V,L,V,V,L,V,V,V,L,L,L,L,L,8000000,08/05/2023
10,2174,E,L,L,E,E,E,L,V,E,L,L,L,V,L,5000000,01/05/2023
10,2173,E,L,L,L,V,L,V,L,V,L,L,L,E,V,5000000,24/04/2023
10,2172,V,L,V,V,L,L,V,L,E,L,E,L,E,E,41500000,17/04/2023
10,2171,L,V,E,V,L,V,E,L,L,L,V,E,L,E,33500000,10/04/2023
10,2170,E,E,L,L,L,V,L,L,L,E,V,V,L,V,27000000,03/04/2023
10,2169,L,V,V,E,E,V,V,L,E,V,L,L,V,E,21800000,27/03/2023
10,2168,V,E,V,V,E,E,E,V,L,L,L,E,L,L,16700000,20/03/2023
10,2167,V,L,V,V,V,E,E,L,V,E,V,E,E,L,12500000,13/03/2023
10,2166,E,V,L,E,E,L,E,L,L,E,E,L,E,V,8000000,06/03/2023
10,2165,L,E,L,V,L,V,L,L,V,L,V,V,V,E,5000000,27/02/2023
10,2164,V,E,V,V,L,V,L,V,V,E,L,V,L,E,25700000,20/02/2023
10,2163,L,L,L,V,E,E,V,V,L,L,V,V,L,E,20000000,13/02/2023
10,2162,V,V,V,E,E,L,L,L,L,L,E,E,L,V,15000000,06/02/2023
10,2161,E,V,E,L,L,L,E,V,L,L,V,E,E,L,10600000,30/01/2023
10,2160,V,E,V,L,L,E,V,E,E,L,L,L,V,E,7000000,23/01/2023
10,2159,V,E,L,L,L,L,E,V,L,L,V,V,E,L,5000000,16/01/2023
10,2158,L,L,V,V,E,V,V,V,E,V,V,L,L,V,10000000,09/01/2023
10,2157,L,V,V,E,L,V,V,E,E,E,V,V,V,V,7000000,02/01/2023
10,2156,L,V,E,V,V,V,L,L,L,E,V,L,V,E,5500000,26/12/2022
10,2155,L,L,L,L,E,L,E,E,L,V,L,L,L,E,5000000,18/12/2022
10,2154,V,V,V,L,L,V,V,E,V,L,V,L,V,L,21000000,02/12/2022
10,2153,V,V,E,E,V,L,L,V,L,E,E,V,L,L,19000000,28/11/2022
10,2152,V,L,V,E,E,E,E,V,L,L,L,E,L,L,14500000,24/11/2022
10,2151,E,L,L,L,L,V,L,L,L,E,V,E,L,L,11000000,13/11/2022
10,2150,E,V,V,V,L,V,L,V,L,V,E,V,V,L,6000000,06/11/2022
10,2149,L,L,V,V,V,E,E,L,E,E,V,E,L,E,5000000,31/10/2022
10,2148,E,V,V,E,E,V,V,L,L,L,V,L,V,V,6700000,24/10/2022
10,2147,L,V,L,V,V,V,L,L,E,L,V,V,L,L,5000000,17/10/2022
10,2146,L,E,L,E,E,L,L,L,L,E,E,L,L,V,11000000,10/10/2022
10,2145,L,E,L,L,E,V,V,L,V,L,E,E,V,E,7300000,03/10/2022
10,2144,L,L,E,E,V,E,L,L,L,V,L,E,V,L,5000000,26/09/2022
10,2143,E,L,V,E,V,V,E,E,L,L,V,V,L,V,10900000,19/09/2022
10,2142,L,V,L,L,V,V,L,V,L,V,E,L,L,V,7500000,12/09/2022
10,2141,E,E,L,L,L,L,V,E,L,V,L,V,L,L,5000000,05/09/2022
10,2140,V,L,L,V,E,E,V,V,V,L,V,E,V,V,5000000,29/08/2022
10,2139,E,E,L,E,L,E,E,V,L,E,E,V,L,V,26000000,22/08/2022
10,2138,E,V,V,E,V,L,L,E,E,E,V,V,E,V,20500000,15/08/2022
10,2137,L,L,V,L,L,V,V,V,E,V,L,V,L,L,15000000,08/08/2022
10,2136,E,E,E,L,L,L,L,V,L,L,E,L,L,V,10700000,01/08/2022
10,2135,L,E,L,E,E,V,V,V,E,L,E,E,V,L,7000000,25/07/2022
10,2134,L,E,V,V,L,L,E,L,E,E,V,L,L,L,5000000,18/07/2022
10,2133,L,V,L,L,V,E,L,E,L,L,L,V,E,E,16000000,11/07/2022
10,2132,V,V,E,V,L,L,V,L,L,L,E,V,L,L,11500000,04/07/2022
10,2131,E,L,E,L,V,E,V,L,E,V,E,V,E,V,8300000,27/06/2022
10,2130,E,L,V,L,L,E,V,L,E,L,V,E,L,L,5500000,20/06/2022
10,2129,E,L,E,L,E,L,V,L,V,E,L,E,L,V,5000000,13/06/2022
10,2128,E,E,L,E,E,L,L,L,E,L,E,L,E,V,6000000,06/06/2022
10,2127,L,V,V,L,L,V,E,L,V,E,E,L,V,V,5000000,30/05/2022
10,2126,L,L,V,V,L,L,V,E,E,V,L,L,E,L,5000000,23/05/2022
10,2125,L,V,E,L,E,V,E,V,E,E,L,E,V,L,5000000,16/05/2022
10,2124,E,L,E,E,L,V,E,E,L,E,L,V,E,V,11000000,09/05/2022
10,2123,L,E,E,L,V,L,E,E,V,L,V,V,E,V,7300000,02/05/2022
10,2122,V,L,L,V,E,L,L,E,V,E,L,E,V,L,5000000,25/04/2022
10,2121,V,V,L,L,V,V,V,V,L,L,L,E,V,L,14700000,18/04/2022
10,2120,L,E,E,E,L,V,L,E,L,V,E,L,L,V,11000000,11/04/2022
10,2119,L,V,V,L,L,V,V,E,L,E,V,L,V,V,7500000,04/04/2022
10,2118,L,L,L,E,V,L,V,L,E,L,E,L,L,L,5000000,28/03/2022
10,2117,V,L,L,L,E,E,V,V,V,L,E,L,V,V,5000000,21/03/2022
10,2116,V,V,L,E,V,L,L,V,E,L,E,V,E,L,20000000,14/03/2022
10,2115,V,L,L,V,E,L,L,V,V,L,E,V,E,V,15500000,07/03/2022
10,2114,L,V,E,V,V,V,E,L,V,E,E,L,L,E,11300000,28/02/2022
10,2113,E,L,L,V,V,E,E,L,E,V,L,L,E,E,7300000,21/02/2022
10,2112,E,V,V,V,L,V,E,L,E,E,E,V,V,V,5000000,14/02/2022
10,2111,V,V,L,V,E,L,V,E,V,V,L,L,L,V,7300000,09/02/2022
10,2110,L,E,V,L,V,V,E,V,L,V,V,L,E,V,5000000,31/01/2022
10,2109,L,L,E,V,E,V,E,E,L,E,E,V,V,L,7700000,24/01/2022
10,2108,V,E,L,L,L,L,V,E,L,V,L,V,E,E,5000000,16/01/2022
10,2107,E,E,L,V,V,E,E,V,L,V,V,L,L,E,22500000,13/01/2022
10,2106,E,E,V,V,V,L,E,V,V,V,V,L,L,L,18700000,03/01/2022
10,2105,L,L,L,L,L,E,V,L,V,L,V,V,V,L,15700000,20/12/2021
10,2104,L,E,V,L,L,L,L,L,L,V,E,V,E,L,11700000,13/12/2021
10,2103,V,L,V,V,L,V,V,E,V,L,V,L,V,V,7500000,06/12/2021
10,2102,V,E,L,L,V,L,V,V,V,E,L,E,L,L,5000000,29/11/2021
10,2101,V,E,V,V,E,E,L,V,V,E,E,V,V,L,59000000,22/11/2021
10,2100,L,E,L,L,V,L,L,V,E,V,L,V,L,E,50700000,16/11/2021
10,2099,V,E,L,L,E,V,L,E,L,E,L,V,V,E,43000000,08/11/2021
10,2098,V,V,E,L,E,L,V,V,V,V,V,L,L,L,35900000,01/11/2021
10,2097,V,L,E,E,V,L,V,V,L,V,E,E,L,E,29300000,25/10/2021
10,2096,L,V,E,V,E,L,L,L,L,E,L,V,L,L,23500000,18/10/2021
10,2095,L,L,V,L,E,L,E,L,V,V,E,V,L,L,18800000,11/10/2021
10,2094,L,V,L,V,E,E,E,V,L,V,E,L,E,E,14500000,04/10/2021
10,2093,L,E,V,V,V,V,L,L,L,E,V,L,V,V,10700000,27/09/2021
10,2092,V,E,L,L,L,E,E,E,L,V,V,V,E,V,6700000,20/09/2021
10,2091,L,L,E,E,L,V,V,V,L,V,V,V,E,E,5000000,13/09/2021
10,2090,V,V,V,E,E,E,L,V,E,L,E,L,V,V,17900000,06/09/2021
10,2089,L,E,E,V,V,L,V,E,L,L,L,E,E,E,13800000,30/08/2021
10,2088,V,E,E,E,E,L,V,E,E,V,V,V,E,E,9800000,23/08/2021
10,2087,E,L,V,E,L,E,E,V,L,V,V,E,V,L,6300000,16/08/2021
10,2086,E,V,V,E,E,E,L,V,V,L,V,L,L,L,5000000,08/08/2021
10,2085,V,L,L,E,V,L,V,E,V,E,V,V,E,L,9000000,02/08/2021
10,2084,V,L,V,L,V,V,L,E,L,L,L,L,L,L,6000000,26/07/2021
10,2083,V,L,V,E,L,L,L,V,L,V,L,V,E,L,5000000,19/07/2021
10,2082,V,E,L,L,V,V,V,E,V,E,V,L,V,E,5000000,12/07/2021
10,2081,L,L,E,L,V,V,V,L,L,L,E,L,L,E,5000000,05/07/2021
10,2080,V,V,E,E,E,E,E,E,E,V,E,E,V,E,8500000,28/06/2021
10,2079,E,V,L,V,V,V,V,E,E,L,V,L,V,E,5700000,21/06/2021
10,2078,L,E,L,E,L,L,V,V,E,V,L,E,V,E,5000000,14/06/2021
10,2077,E,L,E,V,L,V,E,V,V,E,E,V,E,E,8000000,07/06/2021
10,2076,E,V,L,L,L,L,V,V,L,E,E,L,L,L,5800000,31/05/2021
10,2075,L,L,V,E,L,V,L,L,L,V,L,L,V,L,5000000,24/05/2021
10,2074,L,L,E,L,L,L,L,L,V,L,E,L,V,E,24700000,17/05/2021
10,2073,E,L,L,E,E,L,V,V,L,V,E,L,V,V,20500000,10/05/2021
10,2072,L,E,E,V,L,L,L,L,E,V,L,E,E,E,15700000,03/05/2021
10,2071,L,V,L,L,E,V,V,V,V,L,L,V,L,V,11300000,26/04/2021
10,2070,E,V,E,E,V,V,L,L,L,L,V,V,L,V,7500000,19/04/2021
10,2069,L,V,L,V,V,L,L,V,L,V,E,V,L,L,5000000,12/04/2021
10,2068,L,E,E,V,V,L,L,V,V,E,V,L,V,V,6000000,05/04/2021
10,2067,L,E,V,L,E,V,V,V,E,E,E,E,E,E,5000000,29/03/2021
10,2066,V,V,V,E,L,E,V,V,E,L,V,V,E,L,20000000,22/03/2021
10,2065,E,L,V,L,V,E,L,E,L,E,E,V,V,E,16000000,15/03/2021
10,2064,L,L,E,V,L,E,E,E,L,V,E,L,E,V,11500000,08/03/2021
10,2063,L,V,L,V,L,E,V,V,E,L,E,E,E,L,7400000,01/03/2021
10,2062,L,L,V,E,L,E,L,V,L,L,E,L,E,V,5000000,23/02/2021
10,2061,L,L,L,E,E,V,E,L,E,V,E,L,E,V,22700000,16/02/2021
10,2060,V,E,V,V,V,E,E,L,V,V,V,E,E,V,17900000,09/02/2021
10,2059,L,L,E,V,L,E,E,V,V,V,E,L,V,L,13500000,01/02/2021
10,2058,E,E,L,V,V,L,V,L,L,V,L,L,L,L,9800000,26/01/2021
10,2057,E,L,L,L,V,E,L,L,L,E,E,L,L,V,6500000,19/01/2021
10,2056,E,L,V,L,L,V,V,L,E,E,V,L,E,L,5000000,11/01/2021
10,2055,E,L,E,V,V,L,V,V,L,E,E,E,L,V,9600000,04/01/2021
10,2054,E,E,V,E,V,L,E,V,E,L,L,V,V,V,6400000,29/12/2020
10,2053,E,V,L,L,E,E,L,L,V,V,L,E,V,L,5500000,21/12/2020
10,2052,L,L,V,E,V,V,L,V,V,E,V,L,V,V,5000000,14/12/2020
10,2051,L,L,L,V,V,V,E,L,L,E,L,E,V,L,5000000,07/12/2020
10,2050,E,V,V,E,E,V,E,L,V,L,V,E,E,L,9900000,30/11/2020
10,2049,V,E,L,E,E,L,V,V,E,E,E,E,L,E,6700000,23/11/2020
10,2048,L,L,E,V,L,V,E,L,L,E,V,V,V,L,5000000,16/11/2020
10,2047,L,V,E,E,E,V,V,L,L,E,E,L,L,E,30000000,10/11/2020
10,2046,V,V,E,L,L,L,L,V,V,E,V,L,V,E,25500000,03/11/2020
10,2045,V,V,E,V,E,L,E,E,L,L,E,L,V,V,20800000,27/10/2020
10,2044,L,V,E,L,V,V,E,V,L,V,E,E,E,V,16800000,20/10/2020
10,2043,L,L,E,E,L,E,E,E,V,L,V,V,L,E,12500000,12/10/2020
10,2042,E,V,E,E,E,E,L,E,V,E,L,E,E,L,10000000,06/10/2020
10,2041,V,E,V,E,E,V,V,L,V,E,V,E,E,V,5500000,28/09/2020
10,2040,V,L,V,L,L,E,L,V,V,V,L,L,V,E,5000000,22/09/2020
10,2039,L,E,V,V,E,E,V,V,L,V,E,L,V,V,25000000,15/09/2020
10,2038,L,E,V,V,L,L,V,L,V,V,V,V,L,L,20500000,07/09/2020
10,2037,V,E,L,E,L,V,V,V,L,E,V,V,E,L,16600000,31/08/2020
10,2036,V,E,L,V,L,E,V,L,E,V,L,L,L,E,13300000,24/08/2020
10,2035,V,E,L,L,V,V,V,V,E,E,E,L,V,V,10100000,18/08/2020
10,2034,L,L,E,E,E,L,V,E,V,E,V,L,E,L,7500000,10/08/2020
10,2033,L,L,V,L,E,L,L,L,V,L,L,V,L,E,5000000,04/08/2020
10,2032,V,E,L,L,V,L,V,L,V,E,L,L,V,V,5000000,29/07/2020
10,2031,L,L,L,V,E,E,V,V,L,L,E,V,V,V,22600000,16/03/2020
10,2030,L,E,V,V,E,V,E,E,E,L,E,L,L,V,21200000,09/03/2020
10,2029,V,E,E,L,E,L,L,V,E,V,E,V,E,V,16700000,02/03/2020
10,2028,L,V,L,V,V,L,E,V,L,V,V,L,V,V,11900000,24/02/2020
10,2027,E,V,V,V,L,L,E,V,V,L,L,V,L,V,7700000,17/02/2020
10,2026,E,E,L,L,L,V,L,L,V,V,L,L,V,L,5000000,10/02/2020
10,2025,L,V,L,L,E,L,E,V,E,L,V,L,L,L,5000000,03/02/2020
10,2024,E,L,E,L,E,L,L,L,V,L,E,L,V,V,7200000,27/01/2020
10,2023,V,E,L,L,L,V,E,L,V,L,E,L,V,V,5000000,20/01/2020
10,2022,V,L,L,L,E,E,E,E,V,V,L,V,V,V,17400000,12/01/2020
10,2021,V,E,V,L,E,V,V,L,L,V,E,L,V,E,13400000,06/01/2020
10,2020,L,L,L,V,V,L,E,L,E,L,L,V,E,E,10900000,30/12/2019
10,2019,E,V,E,V,V,V,L,V,E,L,V,E,L,L,8800000,22/12/2019
10,2018,E,L,V,V,V,E,V,L,L,L,L,L,E,E,5800000,16/12/2019
10,2017,V,L,V,L,E,L,V,L,L,E,V,E,V,L,5000000,09/12/2019
10,2016,V,V,V,V,V,L,V,V,L,L,E,V,L,E,7000000,02/12/2019
10,2015,V,L,L,E,V,E,L,L,E,L,V,L,V,L,5000000,25/11/2019
10,2014,V,V,E,E,L,V,E,E,V,L,L,E,E,L,7000000,18/11/2019
10,2013,V,L,L,L,L,L,V,L,L,V,V,L,L,E,5000000,11/11/2019
10,2012,E,V,V,L,V,E,V,L,V,V,L,L,L,V,38600000,04/11/2019
10,2011,V,L,E,L,V,E,E,V,L,E,L,E,L,V,32100000,28/10/2019
10,2010,E,V,L,E,E,L,V,E,L,L,E,V,V,V,27500000,21/10/2019
10,2009,L,E,L,E,L,L,V,V,E,V,L,L,E,V,22200000,14/10/2019
10,2008,V,L,L,E,V,L,L,L,L,V,E,V,V,L,18000000,07/10/2019
10,2007,L,V,L,L,E,E,E,E,E,V,V,V,E,L,14500000,30/09/2019
10,2006,L,V,V,E,E,E,V,V,L,V,L,E,E,L,10600000,22/09/2019
10,2005,E,V,L,E,V,V,E,V,L,V,V,E,L,E,7000000,15/09/2019
10,2004,V,E,E,V,V,V,L,L,L,V,L,L,V,E,5000000,09/09/2019
10,2003,L,V,E,E,L,E,E,L,L,L,L,V,L,V,7200000,02/09/2019
10,2002,L,L,V,E,L,E,V,E,V,V,V,V,V,E,5000000,26/08/2019
10,2001,V,E,L,V,L,V,L,E,L,L,E,L,V,L,7300000,19/08/2019
10,2000,V,L,L,V,L,L,E,L,V,L,E,L,V,L,5000000,12/08/2019
10,1999,V,L,L,V,L,V,V,L,E,L,L,V,E,E,22500000,05/08/2019
10,1998,E,E,L,L,E,V,L,L,L,L,V,L,V,E,17500000,29/07/2019
10,1997,V,V,L,E,V,L,L,V,L,V,L,E,L,V,13500000,22/07/2019
10,1996,E,L,V,E,L,L,L,L,L,E,V,E,V,V,10000000,15/07/2019
10,1995,L,L,L,V,V,E,E,E,V,V,V,V,E,E,7000000,08/07/2019
10,1994,E,E,V,V,V,E,L,L,L,L,L,E,E,L,5500000,01/07/2019
10,1993,L,V,L,E,V,L,L,E,E,L,V,L,V,E,5000000,24/06/2019
10,1992,L,L,E,V,E,L,L,L,L,V,E,V,V,L,5500000,18/06/2019
10,1991,L,V,V,V,V,L,V,V,V,V,E,V,E,L,5000000,10/06/2019
10,1990,V,E,E,L,L,V,V,E,E,E,E,E,V,L,7600000,04/06/2019
10,1989,E,V,L,L,E,L,E,V,E,E,V,L,E,L,5500000,27/05/2019
10,1988,V,L,L,V,L,V,L,V,L,E,L,V,L,V,5000000,20/05/2019
10,1987,L,L,V,V,V,V,V,L,V,V,L,V,V,L,5000000,14/05/2019
10,1986,L,L,L,E,L,L,V,E,L,E,V,E,E,E,15000000,06/05/2019
10,1985,V,E,E,L,E,V,E,E,E,V,L,E,E,L,10600000,29/04/2019
10,1984,E,V,L,E,L,V,E,L,L,V,E,V,E,V,6500000,22/04/2019
10,1983,V,E,L,L,E,L,E,V,L,L,V,L,E,E,5000000,15/04/2019
10,1982,L,L,E,L,V,V,E,V,E,E,V,L,V,E,24400000,07/04/2019
10,1981,L,L,L,V,V,L,V,V,V,E,V,E,L,V,19400000,31/03/2019
10,1980,L,L,V,L,V,E,E,E,L,L,L,L,E,L,14800000,26/03/2019
10,1979,L,L,V,L,V,V,L,V,V,E,L,V,L,E,11500000,17/03/2019
10,1978,V,E,E,E,E,V,L,L,L,V,E,L,V,V,7700000,11/03/2019
10,1977,L,L,V,L,V,L,V,L,V,V,L,E,V,V,5000000,04/03/2019
10,1976,L,V,L,V,L,E,V,E,E,L,E,E,E,L,25700000,24/02/2019
10,1975,E,V,L,L,L,L,V,V,E,E,L,E,L,L,20800000,18/02/2019
10,1974,V,V,E,E,V,L,E,E,L,V,E,L,L,L,16000000,10/02/2019
10,1973,V,L,L,E,E,E,L,E,E,V,E,V,V,V,11600000,03/02/2019
10,1972,L,L,V,V,L,E,L,L,L,E,E,V,V,E,7500000,27/01/2019
10,1971,E,L,V,L,V,E,E,L,L,L,V,V,E,V,5000000,21/01/2019
10,1970,V,V,L,V,L,E,E,L,L,V,V,E,V,V,19500000,13/01/2019
10,1969,E,V,L,E,L,L,E,V,L,L,E,E,V,L,14500000,07/01/2019
10,1968,E,L,E,V,V,L,L,L,L,L,E,E,E,V,11500000,30/12/2018
10,1967,E,V,V,L,E,V,V,V,V,L,V,L,V,L,8500000,23/12/2018
10,1966,V,E,L,L,E,V,V,L,L,L,E,L,L,V,6000000,17/12/2018
10,1965,L,L,E,L,L,L,V,E,L,E,V,E,L,E,5000000,10/12/2018
10,1964,L,L,V,L,L,L,E,L,L,V,L,E,V,E,7000000,03/12/2018
10,1963,E,V,E,L,E,L,E,L,L,V,E,E,L,L,5000000,25/11/2018
10,1962,E,V,V,L,E,E,E,V,E,E,V,L,V,L,50700000,19/11/2018
10,1961,E,V,E,V,V,E,V,L,V,V,L,E,E,L,43000000,11/11/2018
10,1960,E,E,L,V,L,L,E,E,E,V,V,V,V,L,38500000,04/11/2018
10,1959,V,E,V,V,E,L,L,V,E,V,V,V,L,V,32500000,29/10/2018
10,1958,L,L,E,V,E,E,L,V,L,L,L,E,E,L,26700000,21/10/2018
10,1957,E,L,E,E,V,V,L,V,L,L,V,L,L,E,21900000,15/10/2018
10,1956,E,L,V,V,E,L,L,E,L,E,V,L,L,V,18000000,07/10/2018
10,1955,V,L,V,E,V,E,E,V,L,L,E,V,V,L,14200000,01/10/2018
10,1954,L,E,E,E,E,E,V,L,E,L,E,E,E,L,10200000,24/09/2018
10,1953,E,L,V,V,L,V,V,V,E,L,E,E,E,V,6700000,18/09/2018
10,1952,V,L,V,L,L,L,L,V,L,V,E,L,L,L,5000000,10/09/2018
10,1951,L,V,V,L,L,L,L,E,L,V,V,L,E,L,22300000,02/09/2018
10,1950,V,E,E,L,E,E,E,L,V,V,L,L,L,V,17800000,27/08/2018
10,1949,V,E,L,L,V,E,E,V,V,L,E,L,L,E,13700000,20/08/2018
10,1948,L,E,L,L,V,E,L,V,E,L,V,L,V,V,10000000,13/08/2018
10,1947,V,V,L,E,E,V,V,L,L,V,L,L,L,L,6500000,06/08/2018
10,1946,L,V,L,L,V,V,L,E,V,V,L,V,V,V,5000000,30/07/2018
10,1945,E,L,V,L,L,L,E,L,L,V,V,L,L,L,7000000,23/07/2018
10,1944,L,L,V,L,V,L,L,L,E,E,V,V,L,L,5500000,19/07/2018
10,1943,V,E,L,E,L,L,V,V,V,L,L,L,L,V,5000000,11/07/2018
10,1942,L,E,E,L,L,E,L,E,V,E,L,L,V,L,5500000,05/07/2018
10,1941,L,E,V,L,V,E,V,V,V,E,V,V,V,V,5000000,28/06/2018
10,1940,V,E,V,L,V,E,L,V,V,L,E,V,L,V,10000000,22/06/2018
10,1939,L,E,V,E,V,L,E,V,L,L,L,L,V,V,10000000,04/06/2018
10,1938,L,V,V,E,V,E,L,V,L,L,V,V,E,L,5000000,29/05/2018
10,1937,E,L,L,V,L,V,V,L,L,L,L,E,V,V,11700000,21/05/2018
10,1936,L,E,L,V,L,V,L,V,V,E,V,L,E,L,8600000,14/05/2018
10,1935,V,L,V,L,L,L,L,L,E,L,L,E,L,V,6000000,07/05/2018
10,1934,L,E,V,V,L,L,V,L,L,V,L,E,L,L,5000000,30/04/2018
10,1933,L,L,E,E,E,L,E,E,L,L,L,E,E,V,5000000,23/04/2018
10,1932,L,L,V,L,V,E,L,L,L,V,E,E,V,L,7000000,16/04/2018
10,1931,V,E,L,L,L,V,L,V,L,L,L,E,L,V,5000000,09/04/2018
10,1930,L,V,L,E,L,V,E,L,E,L,V,L,V,E,16000000,02/04/2018
10,1929,V,V,E,L,V,L,E,L,V,L,E,L,E,E,13500000,27/03/2018
10,1928,E,V,E,E,L,E,E,V,E,L,E,E,E,V,11500000,18/03/2018
10,1927,L,V,E,V,L,L,E,L,V,E,V,V,V,V,7500000,12/03/2018
10,1926,V,L,V,E,L,V,E,E,L,L,E,V,E,E,5000000,05/03/2018
10,1925,L,V,L,L,V,L,V,V,L,L,L,L,V,E,5000000,26/02/2018
10,1924,E,E,L,E,L,L,L,V,L,V,V,L,E,L,5000000,19/02/2018
10,1923,V,L,E,V,L,V,L,L,V,L,L,E,V,L,12000000,12/02/2018
10,1922,L,L,E,V,E,L,L,L,E,L,V,L,E,L,8000000,04/02/2018
10,1921,E,L,V,E,E,V,E,V,L,L,E,V,L,L,5000000,29/01/2018
10,1920,V,E,E,V,E,L,L,E,V,L,L,V,L,V,8000000,21/01/2018
10,1919,L,V,L,E,V,L,L,E,L,L,L,V,V,E,5000000,15/01/2018
10,1918,V,E,V,E,E,V,L,E,V,L,L,L,E,V,55700000,08/01/2018
10,1917,E,E,E,V,E,V,E,E,V,V,V,L,V,L,49500000,02/01/2018
10,1916,V,V,L,E,E,V,V,E,L,E,E,L,V,L,45000000,26/12/2017
10,1915,E,E,E,E,L,V,E,E,L,L,V,L,L,E,40000000,18/12/2017
10,1914,V,L,L,V,V,E,L,E,V,L,L,L,V,L,35000000,11/12/2017
10,1913,L,L,L,E,L,L,V,E,L,V,L,L,L,V,30000000,04/12/2017
10,1912,E,L,V,E,L,V,L,V,E,E,L,L,L,V,26000000,27/11/2017
10,1911,E,E,L,V,L,V,L,E,V,L,E,E,V,L,22000000,20/11/2017
10,1910,V,E,V,E,E,L,E,E,L,L,V,L,E,E,18000000,13/11/2017
10,1909,L,V,V,E,V,L,E,L,V,L,E,L,L,L,15000000,06/11/2017
10,1908,V,L,E,L,V,E,E,L,L,E,E,L,L,V,12000000,30/10/2017
10,1907,L,L,V,L,V,V,L,V,L,V,V,V,V,E,9000000,23/10/2017
10,1906,V,L,V,V,E,V,L,L,V,L,L,V,V,V,7000000,16/10/2017
10,1905,L,V,V,E,V,V,L,E,E,E,L,E,L,L,5100000,09/10/2017
10,1904,L,V,E,E,L,V,L,E,V,V,E,V,L,V,5000000,02/10/2017
10,1903,L,E,L,L,L,V,E,E,E,E,L,V,V,E,8500000,25/09/2017
10,1902,E,L,L,E,L,V,V,L,V,E,L,V,L,L,8000000,18/09/2017
10,1901,V,V,V,V,E,V,L,V,L,E,E,V,L,L,5500000,11/09/2017
10,1900,L,L,L,L,L,L,V,V,E,E,L,V,E,L,5000000,04/09/2017
10,1899,L,E,L,V,L,E,L,E,E,L,L,V,L,E,8000000,28/08/2017
10,1898,L,L,V,L,E,E,V,V,L,V,L,V,E,E,5500000,20/08/2017
10,1897,V,E,L,L,L,L,L,V,V,L,L,E,L,L,5000000,14/08/2017
10,1896,V,E,L,E,L,L,E,E,V,E,E,E,E,L,15000000,07/08/2017
10,1895,L,V,E,V,L,L,E,E,L,V,E,L,V,V,12000000,31/07/2017
10,1894,V,V,V,E,L,V,V,V,V,L,V,V,L,L,9000000,24/07/2017
10,1893,L,L,E,V,E,E,E,E,E,V,L,L,E,L,7000000,20/07/2017
10,1892,E,E,L,E,E,E,E,V,V,V,V,V,V,V,5500000,13/07/2017
10,1891,L,E,L,V,L,V,E,V,L,L,E,V,L,L,5100000,03/07/2017
10,1890,E,V,L,L,V,V,E,V,E,L,V,E,L,E,5000000,19/06/2017
10,1889,V,E,V,E,E,L,L,L,L,L,L,L,V,L,8000000,12/06/2017
10,1888,V,E,L,V,L,E,L,E,E,L,V,L,L,E,6000000,05/06/2017
10,1887,L,V,E,L,V,L,E,E,L,L,L,L,L,L,5100000,29/05/2017
10,1886,V,E,E,L,E,L,L,L,E,V,L,L,E,L,5000000,22/05/2017
10,1885,L,V,E,L,V,V,L,E,L,V,L,L,E,E,5000000,15/05/2017
10,1884,V,V,V,E,E,E,E,L,E,L,L,V,L,L,8500000,07/05/2017
10,1883,L,E,L,L,V,V,V,L,V,L,V,V,V,V,5500000,30/04/2017
10,1882,L,L,L,L,L,L,L,L,E,L,L,L,V,V,5000000,24/04/2017
10,1881,V,E,L,V,E,E,L,E,L,L,L,E,L,V,13500000,17/04/2017
10,1880,E,E,V,L,E,V,L,E,L,L,E,V,E,V,10000000,09/04/2017
10,1879,L,V,E,E,L,L,L,E,E,L,L,E,L,E,8000000,02/04/2017
10,1878,V,L,L,E,L,L,L,L,V,E,E,V,V,V,5500000,28/03/2017
10,1877,E,L,L,L,E,L,V,L,E,E,L,V,L,L,5000000,19/03/2017
10,1876,V,L,E,E,E,L,L,E,L,L,L,V,V,V,6000000,12/03/2017
10,1875,V,L,L,E,E,L,L,V,L,L,V,V,V,L,5000000,05/03/2017
10,1874,L,L,L,L,L,E,E,L,E,L,V,L,E,V,5000000,27/02/2017
10,1873,V,V,L,E,V,L,E,L,E,L,V,L,V,L,25000000,20/02/2017
10,1872,L,V,L,L,L,V,E,L,V,L,L,L,L,E,20000000,13/02/2017
10,1871,V,V,V,E,E,E,V,V,V,L,L,L,E,V,16000000,06/02/2017
10,1870,L,V,L,E,E,L,L,L,L,L,E,L,V,E,12000000,29/01/2017
10,1869,E,L,E,V,L,V,E,V,E,E,V,E,E,E,8500000,22/01/2017
10,1868,E,L,E,V,L,L,L,E,V,E,V,L,E,V,6000000,16/01/2017
10,1867,L,L,L,E,V,L,L,V,L,L,L,V,E,V,5000000,08/01/2017
10,1866,L,E,L,V,L,V,L,V,L,L,L,V,E,E,5000000,19/12/2016
10,1865,L,E,L,E,V,L,L,L,V,L,L,V,L,L,26000000,12/12/2016
10,1864,L,L,L,V,L,L,E,E,E,E,V,L,V,E,22500000,05/12/2016
10,1863,L,V,E,L,E,V,L,E,V,L,V,L,L,L,19500000,28/11/2016
10,1862,V,V,E,E,V,E,L,V,V,L,V,V,L,V,16500000,20/11/2016
10,1861,E,E,E,L,V,V,E,E,E,E,V,L,L,L,13500000,16/11/2016
10,1860,V,L,V,E,E,L,E,V,L,E,E,V,E,E,10500000,06/11/2016
10,1859,V,V,L,E,V,E,L,E,E,E,V,L,L,V,8000000,30/10/2016
10,1858,E,V,E,L,V,V,E,E,V,E,V,L,L,L,5500000,24/10/2016
10,1857,V,E,L,L,L,V,L,V,V,E,V,V,E,V,5000000,16/10/2016
10,1856,L,L,L,L,V,L,L,E,V,L,V,L,V,E,5000000,10/10/2016
10,1855,L,E,E,L,L,L,E,L,L,V,L,L,E,E,5500000,02/10/2016
10,1854,V,V,L,L,E,V,L,V,V,L,L,V,L,E,5000000,25/09/2016
10,1853,V,L,L,E,V,E,L,L,E,V,L,L,L,E,8000000,18/09/2016
10,1852,L,V,E,V,L,L,L,V,V,L,V,L,L,E,5500000,11/09/2016
10,1851,L,L,V,V,E,E,E,E,E,E,L,L,L,L,5000000,07/09/2016
10,1850,L,E,E,V,E,V,L,E,V,L,L,E,L,E,14000000,28/08/2016
10,1849,E,L,L,E,L,E,V,L,V,E,L,V,V,V,11000000,21/08/2016
10,1848,E,L,L,E,E,E,V,V,E,E,V,L,L,V,8000000,14/08/2016
10,1847,V,V,L,V,E,E,L,E,E,L,V,E,V,E,5500000,07/08/2016
10,1846,L,L,E,L,V,L,L,V,E,L,V,L,L,L,5000000,31/07/2016
10,1845,V,E,E,E,L,L,L,E,V,E,V,V,E,L,6500000,24/07/2016
10,1844,L,L,E,L,E,L,E,L,L,L,E,V,V,V,5500000,17/07/2016
10,1843,E,L,L,L,L,L,E,V,L,L,L,L,E,V,5000000,05/07/2016
10,1842,E,E,V,L,V,E,E,L,V,E,V,L,L,L,5000000,27/06/2016
10,1841,E,E,V,E,E,V,L,L,E,E,E,L,V,E,26000000,20/06/2016
10,1840,L,V,L,E,V,E,V,V,V,E,L,E,L,E,24000000,17/06/2016
10,1839,V,E,E,V,L,L,L,L,L,E,V,V,E,V,21000000,07/06/2016
10,1838,E,E,V,L,V,L,L,L,E,E,V,V,L,V,17000000,30/05/2016
10,1837,L,L,V,V,E,L,E,E,V,L,V,L,V,L,15000000,23/05/2016
10,1836,L,L,V,E,L,V,L,V,L,L,E,E,L,L,12000000,16/05/2016
10,1835,V,V,E,E,L,E,L,V,L,V,E,V,E,E,10000000,08/05/2016
10,1834,E,E,E,L,V,V,V,V,L,L,V,V,E,V,6000000,01/05/2016
10,1833,L,E,L,L,V,V,L,V,E,V,L,L,L,E,5000000,24/04/2016
10,1832,V,V,L,L,V,L,L,L,L,E,V,L,V,L,41000000,17/04/2016
10,1831,L,L,V,V,V,E,E,L,V,V,E,L,L,L,35000000,10/04/2016
10,1830,E,V,L,V,L,E,E,E,L,V,E,V,E,L,30000000,04/04/2016
10,1829,L,V,L,V,E,V,V,E,E,E,L,E,V,E,26000000,27/03/2016
10,1828,E,L,V,L,E,E,V,V,V,L,V,L,V,V,23000000,20/03/2016
10,1827,L,E,E,V,V,V,E,E,V,V,E,L,V,L,20000000,14/03/2016
10,1826,E,V,L,V,L,E,E,V,E,E,E,E,V,E,16000000,06/03/2016
10,1825,E,L,L,E,E,E,L,L,L,V,V,E,V,L,12500000,28/02/2016
10,1824,E,E,L,E,E,L,E,V,E,E,L,V,V,L,9000000,21/02/2016
10,1823,V,L,V,E,V,V,V,V,V,L,L,L,V,E,6000000,15/02/2016
10,1822,E,L,L,V,E,E,L,V,L,E,E,L,E,E,5000000,07/02/2016
10,1821,L,L,L,L,E,V,L,V,L,E,E,E,L,L,9000000,31/01/2016
10,1820,V,L,E,E,V,E,V,L,E,L,E,E,E,L,5500000,24/01/2016
10,1819,L,E,L,V,V,L,V,L,V,L,V,V,E,L,5000000,17/01/2016
10,1818,E,E,L,L,E,L,L,E,L,L,L,E,V,V,10000000,10/01/2016
10,1817,L,L,V,E,E,L,V,V,V,L,E,L,E,V,6500000,04/01/2016
10,1816,L,V,V,V,L,V,E,L,V,E,V,L,L,E,5000000,21/12/2015
10,1815,L,E,L,L,L,V,E,L,L,E,E,L,L,L,5000000,14/12/2015
10,1814,V,V,L,E,E,V,E,L,E,E,V,E,V,V,16500000,06/12/2015
10,1813,L,V,L,L,V,E,E,V,L,L,L,V,E,E,13500000,29/11/2015
10,1812,L,E,V,L,L,V,L,V,L,E,L,V,L,L,10000000,22/11/2015
10,1811,V,V,E,V,V,L,L,L,L,V,L,L,L,L,7000000,15/11/2015
10,1810,V,V,L,L,V,L,L,E,E,L,V,V,E,L,5500000,08/11/2015
10,1809,E,L,V,E,V,V,E,V,V,L,L,E,E,L,5000000,01/11/2015
10,1808,V,L,L,L,L,V,V,L,V,E,L,V,V,V,53000000,25/10/2015
10,1807,V,V,V,E,E,V,V,E,E,L,V,V,V,E,48000000,18/10/2015
10,1806,E,V,L,V,V,E,L,E,V,V,V,V,L,L,43000000,12/10/2015
10,1805,E,L,V,L,V,L,L,E,L,E,L,L,E,V,39000000,04/10/2015
10,1804,E,V,E,E,V,L,V,V,L,V,L,L,E,E,34000000,27/09/2015
10,1803,V,L,L,V,L,L,V,V,V,V,V,L,L,E,30000000,20/09/2015
10,1802,L,V,V,L,L,V,V,V,L,L,E,E,V,L,26000000,13/09/2015
10,1801,L,L,L,L,L,V,L,V,V,E,V,L,L,V,21500000,07/09/2015
10,1800,V,L,E,V,L,V,L,V,L,L,V,V,L,L,18000000,30/08/2015
10,1799,V,L,L,V,L,L,E,V,E,E,E,L,V,L,15000000,23/08/2015
10,1798,V,V,V,V,L,V,V,E,L,L,E,V,E,V,11500000,16/08/2015
10,1797,V,L,E,V,V,E,V,L,V,E,V,L,L,V,8500000,10/08/2015
10,1796,V,V,L,L,L,V,L,V,L,V,L,L,E,E,6000000,02/08/2015
10,1795,V,V,V,L,V,E,L,L,L,E,V,E,L,E,5500000,26/07/2015
10,1794,V,E,V,L,L,V,L,L,E,L,L,L,E,V,5000000,20/07/2015
10,1793,E,E,L,L,L,L,V,L,E,L,V,V,L,V,5000000,14/07/2015
10,1792,E,L,V,L,E,L,L,E,L,V,E,V,V,V,11500000,06/07/2015
10,1791,E,E,E,E,V,E,L,V,L,V,L,L,V,L,9500000,28/06/2015
10,1790,V,E,L,V,L,V,E,E,E,L,V,E,V,E,8000000,21/06/2015
10,1789,V,L,E,L,L,E,V,V,L,L,V,E,E,L,6000000,08/06/2015
10,1788,L,L,E,V,L,V,V,L,E,E,L,V,L,E,5500000,01/06/2015
10,1787,V,L,V,L,V,L,L,V,L,L,V,V,L,L,5000000,25/05/2015
10,1786,V,V,E,V,E,V,E,E,V,L,L,V,V,V,5500000,18/05/2015
10,1785,V,E,V,E,L,E,L,L,L,E,V,V,L,V,5000000,10/05/2015
10,1784,V,L,L,L,V,V,V,L,L,L,L,E,V,V,12000000,03/05/2015
10,1783,V,L,L,E,L,L,E,V,E,E,L,E,L,V,8500000,26/04/2015
10,1782,E,V,L,E,E,L,V,L,L,E,E,E,L,V,6000000,19/04/2015
10,1781,L,L,E,L,E,E,L,E,L,V,L,E,V,L,5000000,12/04/2015
10,1780,V,L,L,V,E,L,V,L,L,V,V,V,V,V,6000000,05/04/2015
10,1779,L,L,L,V,L,L,E,E,L,L,E,L,E,E,5500000,29/03/2015
10,1778,E,L,L,V,L,L,V,L,V,E,V,V,L,L,5000000,22/03/2015
10,1777,L,V,L,L,E,L,E,V,L,V,E,V,L,E,39000000,15/03/2015
10,1776,E,L,E,E,E,L,L,L,L,E,E,L,L,V,34000000,08/03/2015
10,1775,L,L,L,V,L,L,V,E,V,L,E,V,V,V,29000000,01/03/2015
10,1774,V,L,L,L,V,V,L,E,V,L,V,V,V,E,24000000,22/02/2015
10,1773,L,L,L,L,E,E,E,L,V,L,V,V,L,V,20000000,15/02/2015
10,1772,L,E,E,V,V,L,E,V,L,E,E,E,V,E,16000000,08/02/2015
10,1771,E,L,E,E,L,L,L,V,L,V,E,E,E,L,12000000,01/02/2015
10,1770,L,E,V,L,L,L,E,E,L,L,L,E,L,V,9000000,25/01/2015
10,1769,L,L,L,V,L,L,L,V,L,L,E,V,E,V,5500000,18/01/2015
10,1768,L,L,V,V,L,E,L,V,E,E,L,V,E,V,5000000,11/01/2015
10,1767,V,L,E,E,V,E,V,L,V,E,V,V,E,E,38000000,21/12/2014
10,1766,L,E,L,L,V,E,E,L,E,L,L,E,L,L,34000000,14/12/2014
10,1765,E,E,E,L,E,L,L,V,E,V,L,V,V,L,30000000,07/12/2014
10,1764,L,E,V,E,E,L,V,L,V,L,L,L,L,L,26000000,30/11/2014
10,1763,L,E,V,E,L,L,L,E,V,V,L,E,V,E,22500000,23/11/2014
10,1762,V,L,V,L,L,E,E,L,V,V,E,V,V,V,18500000,16/11/2014
10,1761,L,V,V,V,E,E,L,V,V,L,L,E,E,V,17000000,09/11/2014
10,1760,E,E,L,E,E,V,V,L,E,V,L,L,L,E,13000000,02/11/2014
10,1759,E,V,E,E,V,V,L,E,V,V,E,E,E,L,10500000,26/10/2014
10,1758,E,L,L,L,L,V,E,V,L,E,L,V,L,E,7000000,19/10/2014
10,1757,L,L,L,L,E,E,L,E,E,L,V,V,L,L,5500000,12/10/2014
10,1756,L,E,L,V,L,L,L,V,L,L,L,E,L,L,5000000,05/10/2014
10,1755,V,L,L,V,V,E,E,V,E,E,L,E,L,V,25000000,28/09/2014
10,1754,L,E,L,L,L,L,V,V,V,E,V,L,V,L,22000000,21/09/2014
10,1753,L,V,E,E,V,E,V,E,V,V,V,L,L,V,18500000,14/09/2014
10,1752,L,E,E,V,V,E,L,V,V,L,L,V,E,E,15000000,07/09/2014
10,1751,L,V,V,V,E,E,V,E,V,V,L,E,E,E,13000000,31/08/2014
10,1750,L,L,E,L,L,E,E,L,E,V,E,E,L,V,10000000,24/08/2014
10,1749,L,E,L,L,V,V,E,L,L,V,V,L,L,E,7000000,17/08/2014
10,1748,L,V,V,L,L,V,E,V,L,E,V,V,V,L,5500000,10/08/2014
10,1747,E,E,V,E,L,L,L,L,L,E,V,L,L,L,5000000,03/08/2014
10,1746,E,E,L,L,V,L,V,V,V,E,V,L,V,L,9000000,27/07/2014
10,1745,V,V,V,L,V,E,E,E,E,E,V,L,L,E,6500000,20/07/2014
10,1744,E,L,L,E,L,E,E,V,L,L,E,V,E,E,5500000,06/07/2014
10,1743,L,L,V,E,L,V,V,V,L,L,E,L,V,E,5000000,22/06/2014
10,1742,L,L,V,L,L,V,V,L,L,L,L,L,E,V,5000000,15/06/2014
10,1741,V,E,V,E,L,V,V,L,E,E,L,L,L,V,15000000,18/05/2014
10,1740,V,L,E,L,L,L,V,E,L,E,L,V,V,E,12000000,11/05/2014
10,1739,E,L,V,L,E,L,V,L,L,V,V,L,E,L,9500000,04/05/2014
10,1738,V,L,L,L,E,L,V,V,L,L,V,E,L,E,7500000,27/04/2014
10,1737,E,L,L,L,V,L,V,V,V,L,E,E,V,E,5500000,20/04/2014
10,1736,E,E,E,L,V,E,L,L,L,L,V,L,V,V,5000000,13/04/2014
10,1735,V,V,E,E,L,V,V,L,L,V,V,V,L,V,12000000,06/04/2014
10,1734,L,L,L,L,E,V,L,V,L,L,E,L,V,V,8500000,30/03/2014
10,1733,E,L,E,E,V,L,L,V,L,E,E,V,L,E,6000000,23/03/2014
10,1732,V,L,V,E,V,L,L,V,V,V,L,L,L,V,5000000,16/03/2014
10,1731,L,V,L,L,E,L,V,E,E,V,L,L,L,L,19000000,09/03/2014
10,1730,E,L,V,V,L,E,E,V,E,L,L,E,L,V,15500000,02/03/2014
10,1729,V,L,L,V,L,E,V,E,E,V,E,E,E,L,12000000,23/02/2014
10,1728,L,V,V,E,E,L,L,L,L,E,L,L,L,E,8500000,16/02/2014
10,1727,L,E,V,E,V,L,L,L,V,L,E,L,E,E,5500000,09/02/2014
10,1726,L,V,E,L,L,V,L,L,L,L,E,L,V,L,5000000,02/02/2014
10,1725,L,V,V,V,E,E,L,V,E,L,V,L,V,L,23000000,26/01/2014
10,1724,E,L,L,L,V,V,V,V,L,L,E,V,L,E,18500000,19/01/2014
10,1723,L,L,L,E,E,L,V,V,V,L,E,L,L,E,15000000,12/01/2014
10,1722,L,E,V,E,E,E,L,E,V,L,L,L,L,L,11500000,05/01/2014
10,1721,L,E,V,V,V,E,V,E,L,V,L,L,E,E,8000000,22/12/2013
10,1720,V,L,E,L,E,V,V,E,E,V,V,L,V,V,6500000,15/12/2013
10,1719,L,E,V,E,L,E,L,L,V,V,E,V,V,E,5500000,08/12/2013
10,1718,E,L,E,L,E,L,E,L,L,V,V,E,V,L,5000000,01/12/2013
10,1717,L,E,E,V,L,E,V,L,V,L,L,L,V,V,5000000,24/11/2013
10,1716,L,L,L,E,L,E,V,L,L,V,L,V,E,L,5000000,17/11/2013
10,1715,E,V,V,E,L,L,L,V,E,L,L,V,E,E,12000000,10/11/2013
10,1714,V,L,E,L,E,L,E,L,E,V,L,V,L,L,9500000,03/11/2013
10,1713,E,E,E,E,L,E,V,E,L,L,L,L,V,L,7000000,27/10/2013
10,1712,L,E,L,V,L,E,V,V,V,E,L,E,L,E,5500000,20/10/2013
10,1711,L,L,L,E,L,L,L,V,L,E,L,L,L,L,5000000,12/10/2013
10,1710,L,L,V,E,V,V,L,E,L,L,L,V,V,L,7500000,06/10/2013
10,1709,L,V,L,V,L,E,E,V,L,L,L,L,L,E,5500000,29/09/2013
10,1708,E,E,L,L,E,L,V,V,L,L,V,V,L,L,5000000,22/09/2013
10,1707,L,V,V,L,E,V,E,E,E,E,V,E,E,L,5000000,15/09/2013
10,1706,L,E,E,E,V,L,L,V,V,V,L,L,L,L,10000000,08/09/2013
10,1705,V,L,E,L,V,L,E,V,E,V,E,L,E,E,8000000,01/09/2013
10,1704,E,L,E,L,E,V,L,V,V,E,L,L,L,V,5500000,25/08/2013
10,1703,L,L,V,L,V,E,V,L,V,V,V,V,L,L,5000000,18/08/2013
10,1702,L,L,L,V,E,E,E,E,E,L,L,V,L,E,5500000,11/08/2013
10,1701,L,L,E,E,L,V,L,L,L,V,L,L,E,L,5000000,04/08/2013
10,1700,V,L,E,E,V,V,V,E,V,L,V,L,L,L,6000000,28/07/2013
10,1699,V,E,L,E,L,E,V,E,L,V,E,E,E,V,5500000,21/07/2013
10,1698,V,V,E,V,L,V,L,L,V,L,L,L,E,V,5000000,14/07/2013
10,1697,V,V,V,L,L,V,E,E,L,L,L,V,E,V,5000000,23/06/2013
10,1696,V,L,L,L,L,V,L,E,V,L,V,L,V,L,5000000,16/06/2013
10,1695,E,L,V,E,E,V,L,L,E,V,E,L,L,E,6000000,07/06/2013
10,1694,E,L,V,V,E,L,L,E,V,E,L,V,L,L,5500000,02/06/2013
10,1693,L,V,V,V,E,L,V,E,L,L,L,L,L,E,5000000,26/05/2013
10,1692,L,L,V,V,E,V,E,L,V,V,E,V,E,L,10500000,19/05/2013
10,1691,E,L,V,L,V,V,V,E,L,E,V,E,E,V,8000000,12/05/2013
10,1690,V,V,V,V,V,V,V,E,V,E,L,L,E,E,6000000,05/05/2013
10,1689,L,V,V,L,L,E,L,V,V,E,V,L,L,L,5000000,28/04/2013
10,1688,L,L,V,L,L,V,L,L,L,E,L,V,L,L,5000000,21/04/2013
10,1687,L,L,E,E,V,L,V,V,V,V,L,E,V,E,15000000,14/04/2013
10,1686,E,V,E,V,E,E,L,V,L,V,L,V,E,E,11500000,07/04/2013
10,1685,V,L,L,E,E,L,V,L,V,E,V,E,V,V,7500000,31/03/2013
10,1684,E,E,L,L,E,L,L,E,L,E,L,V,E,V,5500000,23/03/2013
10,1683,E,L,L,E,E,V,E,V,V,V,E,L,L,E,5000000,17/03/2013
10,1682,E,V,L,L,V,V,V,L,E,L,E,L,E,E,11000000,10/03/2013
10,1681,L,L,L,E,V,L,E,V,E,L,L,E,L,L,7000000,03/03/2013
10,1680,E,V,L,L,V,L,L,V,L,L,L,E,L,L,5000000,24/02/2013
10,1679,E,L,E,L,L,E,L,E,L,L,E,L,L,E,5000000,17/02/2013
10,1678,E,E,V,V,L,V,V,E,L,E,V,E,E,L,14000000,10/02/2013
10,1677,L,L,E,E,L,E,E,L,E,L,E,L,V,L,10500000,03/02/2013
10,1676,V,L,L,L,L,V,L,L,V,L,L,L,L,E,6500000,27/01/2013
10,1675,L,E,L,V,L,V,E,L,L,E,V,E,L,V,5000000,20/01/2013
10,1674,L,L,L,L,L,E,V,V,E,L,V,L,V,L,5000000,13/01/2013
10,1673,L,L,L,E,E,V,E,E,L,V,V,E,V,L,5000000,06/01/2013
10,1672,V,E,V,L,V,V,L,V,E,L,L,E,L,L,6500000,23/12/2012
10,1671,V,V,E,L,V,E,V,L,L,E,L,E,L,L,5500000,16/12/2012
10,1670,L,V,L,V,E,V,V,L,V,L,L,L,L,V,5000000,09/12/2012
10,1669,V,L,V,E,L,L,V,L,E,V,L,E,L,L,17000000,02/12/2012
10,1668,V,L,E,V,E,E,L,L,L,V,L,L,V,E,14000000,25/11/2012
10,1667,L,E,L,V,L,V,V,L,L,E,L,E,L,V,11000000,18/11/2012
10,1666,E,L,E,V,L,V,V,E,V,V,L,L,E,V,8500000,11/11/2012
10,1665,L,V,E,E,E,V,L,L,L,L,V,E,V,V,5500000,04/11/2012
10,1664,L,L,E,L,L,V,V,L,E,V,L,V,E,L,5000000,28/10/2012
10,1663,L,E,L,E,L,V,L,L,V,L,L,V,V,E,11000000,21/10/2012
10,1662,V,V,L,V,L,V,E,E,L,E,E,L,V,V,7500000,14/10/2012
10,1661,V,E,V,E,L,L,E,E,V,E,V,E,E,E,5500000,07/10/2012
10,1660,L,L,E,L,E,V,L,V,V,L,L,E,L,L,5000000,30/09/2012
10,1659,E,E,E,E,L,L,L,E,E,L,L,V,L,E,25000000,23/09/2012
10,1658,V,E,E,L,L,V,L,L,V,V,V,L,V,L,20500000,16/09/2012
10,1657,L,V,E,L,E,V,E,E,E,V,L,V,L,L,17500000,02/09/2012
10,1656,L,V,V,E,E,L,V,V,L,E,V,V,V,L,13500000,26/08/2012
10,1655,L,E,V,V,E,V,E,L,L,L,L,E,L,L,10500000,19/08/2012
10,1654,L,E,E,E,E,V,V,E,E,L,E,V,V,L,7000000,12/08/2012
10,1653,L,E,E,L,E,L,E,L,E,L,L,L,L,E,5500000,05/08/2012
10,1652,L,L,L,L,V,V,L,V,E,E,L,L,L,L,5000000,29/07/2012
10,1651,V,E,V,L,E,E,L,E,E,L,L,L,L,E,5000000,22/07/2012
10,1650,L,L,L,L,E,L,V,V,L,V,L,V,E,L,8500000,15/07/2012
10,1649,L,L,E,V,L,L,L,V,E,E,L,L,L,V,7500000,24/06/2012
10,1648,L,V,L,L,L,E,V,L,L,E,L,L,V,L,6000000,17/06/2012
10,1647,L,V,E,L,L,V,L,V,E,E,V,L,L,E,5500000,10/06/2012
10,1646,L,E,L,L,E,L,E,V,V,E,L,L,E,E,5000000,03/06/2012
10,1645,L,L,V,V,L,L,V,L,V,L,L,L,L,L,5000000,27/05/2012
10,1644,L,E,V,V,L,L,V,V,V,E,V,E,E,L,9000000,20/05/2012
10,1643,E,L,L,L,L,L,L,E,E,L,V,L,E,V,7000000,13/05/2012
10,1642,L,E,V,V,L,L,L,V,L,L,V,L,V,E,5500000,06/05/2012
10,1641,E,L,L,V,V,L,E,E,L,V,L,L,L,L,5000000,29/04/2012
10,1640,L,E,E,L,V,V,V,V,E,E,V,L,L,E,12500000,22/04/2012
10,1639,E,E,E,L,V,L,V,V,L,V,L,V,L,L,9000000,15/04/2012
10,1638,E,L,V,L,V,L,V,V,V,L,L,L,E,V,5500000,08/04/2012
10,1637,L,V,L,L,E,E,V,V,E,L,L,L,L,E,5000000,01/04/2012
10,1636,V,V,L,L,V,L,V,E,E,E,V,E,L,L,14000000,25/03/2012
10,1635,E,V,L,L,V,E,V,L,L,V,V,E,V,V,10000000,18/03/2012
10,1634,E,V,E,L,L,E,E,E,V,L,L,V,L,E,6500000,11/03/2012
10,1633,V,L,L,L,E,V,V,L,L,V,E,V,V,V,5000000,04/03/2012
10,1632,L,E,V,V,E,L,E,L,V,L,V,E,L,E,29000000,26/02/2012
10,1631,E,V,E,E,L,V,L,L,V,L,L,L,L,E,23500000,19/02/2012
10,1630,L,L,V,E,V,E,V,L,V,L,L,V,L,V,19000000,12/02/2012
10,1629,L,L,V,L,V,E,V,L,L,E,E,L,E,L,15500000,05/02/2012
10,1628,E,V,E,L,E,V,E,V,V,L,L,E,V,L,12000000,29/01/2012
10,1627,E,L,E,E,L,V,L,V,L,V,E,E,L,E,8500000,22/01/2012
10,1626,V,L,L,V,V,L,L,E,E,E,E,E,V,L,5500000,15/01/2012
10,1625,L,V,E,E,V,L,L,E,L,V,L,E,L,V,5000000,08/01/2012
10,1624,V,V,L,V,V,E,E,V,E,E,L,L,L,E,28000000,18/12/2011
10,1623,L,V,V,L,V,L,L,V,E,E,V,E,E,V,24000000,11/12/2011
10,1622,L,L,V,L,V,E,L,L,L,E,E,L,L,L,20500000,04/12/2011
10,1621,V,E,L,L,L,E,V,L,V,V,L,L,L,E,17500000,27/11/2011
10,1620,E,L,E,V,E,L,E,V,V,E,E,V,L,V,14500000,20/11/2011
10,1619,L,L,L,L,E,L,E,V,L,L,V,E,L,E,12000000,06/11/2011
10,1618,V,L,L,E,E,V,E,V,E,V,L,V,E,V,8000000,30/10/2011
10,1617,L,L,E,E,E,E,L,V,E,V,L,E,E,L,5500000,23/10/2011
10,1616,E,V,L,L,L,E,L,E,E,L,L,V,L,L,5000000,16/10/2011
10,1615,V,V,L,L,L,E,E,E,V,V,L,E,V,E,24000000,09/10/2011
10,1614,L,E,V,L,V,L,V,E,V,L,E,E,E,L,20000000,02/10/2011
10,1613,V,L,E,E,E,L,V,E,E,L,E,L,E,L,16000000,25/09/2011
10,1612,L,V,L,V,V,L,L,V,V,L,L,V,E,L,12000000,18/09/2011
10,1611,L,V,L,E,E,E,E,V,L,L,L,L,L,L,9500000,11/09/2011
10,1610,L,V,L,V,E,L,E,V,V,L,V,L,E,L,8000000,04/09/2011
10,1609,E,L,L,V,L,L,V,E,E,L,V,E,L,V,5500000,28/08/2011
10,1608,L,L,L,E,L,L,L,L,L,V,L,L,E,V,5000000,21/08/2011
10,1607,V,E,E,L,V,V,L,E,V,E,L,E,E,L,5500000,14/08/2011
10,1606,L,L,E,L,E,V,V,V,E,E,L,L,L,V,5000000,07/08/2011
10,1605,L,L,L,L,E,E,L,V,L,E,L,E,V,E,5000000,31/07/2011
10,1604,V,E,V,V,V,L,V,L,E,L,E,E,V,V,15000000,24/07/2011
10,1603,L,V,E,V,E,E,L,E,L,L,V,L,L,E,11500000,17/07/2011
10,1602,E,L,L,E,V,L,L,L,L,L,L,L,V,L,10000000,10/07/2011
10,1601,L,L,E,E,L,V,E,L,E,E,V,E,E,L,8500000,03/07/2011
10,1600,E,L,V,E,V,E,V,L,L,L,E,E,L,L,6500000,26/06/2011
10,1599,L,L,L,V,L,L,V,E,V,E,V,V,V,L,6000000,19/06/2011
10,1598,L,L,V,L,V,V,L,E,V,V,V,V,E,E,5500000,12/06/2011
10,1597,L,E,V,L,L,E,E,V,E,E,E,E,L,L,5000000,05/06/2011
10,1596,E,L,L,L,E,L,V,L,E,L,E,E,V,E,5000000,29/05/2011
10,1595,L,V,V,V,V,E,L,V,E,L,E,V,V,E,9000000,22/05/2011
10,1594,L,L,V,V,L,V,E,L,L,L,L,V,L,L,7500000,15/05/2011
10,1593,L,L,E,V,L,V,L,V,L,E,E,V,L,E,5500000,08/05/2011
10,1592,V,E,L,V,L,L,V,V,V,L,L,L,L,L,5000000,01/05/2011
10,1591,V,E,E,V,L,E,V,E,V,V,L,L,E,L,14000000,24/04/2011
10,1590,V,E,L,V,V,V,V,L,E,L,E,E,L,L,11500000,17/04/2011
10,1589,E,E,V,E,L,L,E,L,V,L,E,V,L,L,8500000,10/04/2011
10,1588,V,L,L,L,L,E,V,E,L,L,V,L,L,L,5500000,03/04/2011
10,1587,L,E,L,L,L,V,E,L,E,E,E,V,L,E,5000000,27/03/2011
10,1586,L,L,V,L,E,L,E,L,V,L,V,L,V,L,5000000,20/03/2011
10,1585,V,L,V,V,E,V,L,V,V,L,L,L,L,L,5000000,13/03/2011
10,1584,L,E,L,V,E,V,V,L,E,V,L,V,L,L,9000000,06/03/2011
10,1583,L,E,L,L,L,L,V,E,V,E,L,L,V,E,5500000,27/02/2011
10,1582,V,V,L,E,L,L,V,E,V,E,L,E,L,V,5000000,20/02/2011
10,1581,L,V,V,L,L,V,E,L,L,V,L,L,V,L,21000000,13/02/2011
10,1580,E,L,L,L,V,E,V,E,E,L,L,E,E,V,17500000,06/02/2011
10,1579,L,L,V,V,V,V,L,E,E,E,V,V,V,E,13500000,30/01/2011
10,1578,V,L,E,V,E,L,V,L,L,V,E,E,E,V,10500000,23/01/2011
10,1577,L,E,E,L,L,L,L,L,V,V,L,E,V,L,7500000,16/01/2011
10,1576,V,E,L,L,E,E,V,V,V,L,L,L,L,L,5000000,09/01/2011
10,1575,V,L,L,L,V,V,L,L,L,V,V,L,V,V,5000000,02/01/2011
10,1574,L,V,V,L,L,L,V,V,V,E,L,V,L,V,6500000,26/12/2010
10,1573,L,V,V,E,V,V,V,V,E,E,V,E,L,E,6000000,19/12/2010
10,1572,E,L,L,L,E,L,E,L,L,L,V,V,E,L,5500000,12/12/2010
10,1571,L,L,E,E,L,L,E,L,L,L,L,E,E,L,5000000,05/12/2010
10,1570,L,E,L,L,V,L,E,E,V,L,L,E,L,L,20000000,28/11/2010
10,1569,V,E,L,V,L,V,V,V,V,V,V,V,E,E,17500000,21/11/2010
10,1568,V,V,L,E,E,E,V,L,E,L,V,V,E,L,15000000,14/11/2010
10,1567,L,L,V,E,E,V,L,L,V,L,L,V,V,L,11500000,07/11/2010
10,1566,L,E,E,V,V,V,V,L,V,L,L,V,V,V,8500000,31/10/2010
10,1565,V,L,L,V,L,E,L,E,E,V,V,E,E,V,5500000,24/10/2010
10,1564,L,L,L,E,L,E,L,E,L,L,L,L,V,L,5000000,17/10/2010
10,1563,L,E,L,L,E,E,E,V,V,V,L,V,L,V,5500000,10/10/2010
10,1562,E,L,L,L,V,L,L,V,L,L,E,L,E,V,5000000,03/10/2010
10,1561,L,L,E,L,E,V,L,L,E,L,L,V,V,E,13000000,26/09/2010
10,1560,E,L,V,L,L,L,V,V,E,E,L,V,V,V,9500000,19/09/2010
10,1559,E,L,L,E,V,V,V,E,E,L,E,V,V,E,7000000,12/09/2010
10,1558,V,V,L,V,V,V,L,V,L,V,E,E,V,L,5500000,05/09/2010
10,1557,L,E,L,L,L,E,E,V,L,E,L,E,L,L,5000000,29/08/2010
10,1556,V,E,L,V,L,L,V,E,E,L,E,V,L,V,28000000,22/08/2010
10,1555,E,L,L,L,L,E,E,L,L,E,E,E,E,L,24000000,15/08/2010
10,1554,V,E,V,E,V,V,L,L,V,L,V,L,E,V,20000000,08/08/2010
10,1553,L,V,L,L,L,E,L,L,E,E,L,V,L,E,17000000,01/08/2010
10,1552,V,V,L,E,E,V,L,L,V,E,L,L,E,E,14000000,25/07/2010
10,1551,E,E,V,E,L,L,E,L,V,V,L,L,E,V,5000000,18/07/2010
10,1550,V,V,E,L,L,E,L,E,L,L,L,L,E,L,11500000,29/06/2010
10,1549,E,E,L,E,V,L,E,L,E,V,V,L,E,E,5000000,13/06/2010
10,1548,E,V,E,L,L,L,L,V,V,E,E,L,V,V,7000000,23/05/2010
10,1547,L,L,V,L,V,E,L,E,L,L,L,L,L,E,5000000,16/05/2010
10,1546,V,L,L,L,E,L,E,L,L,L,E,E,L,L,6000000,09/05/2010
10,1545,L,E,L,L,L,L,L,V,V,E,L,L,V,E,5000000,02/05/2010
10,1544,E,E,V,E,L,L,L,L,E,V,L,L,E,E,7000000,25/04/2010
10,1543,L,L,E,V,V,L,L,L,L,V,V,V,L,E,5000000,18/04/2010
10,1542,V,E,V,V,L,V,L,V,V,E,V,E,E,E,7000000,11/04/2010
10,1541,L,L,V,E,L,V,L,L,E,L,E,V,L,V,5000000,04/04/2010
10,1540,L,L,L,E,V,E,L,L,E,V,L,V,L,V,7000000,28/03/2010
10,1539,L,L,V,L,L,E,V,L,V,E,L,E,L,L,2500000,21/03/2010
10,1538,E,E,V,V,E,E,V,E,E,E,E,E,V,L,50327.04,14/03/2010
10,1537,L,L,V,E,L,V,L,L,L,E,E,L,E,V,35000000,07/03/2010
10,1536,L,E,V,L,V,V,E,V,L,V,V,L,E,V,28000000,28/02/2010
10,1535,E,L,E,L,L,L,E,E,V,E,V,E,L,E,22000000,21/02/2010
10,1534,V,L,L,E,E,V,L,L,V,L,L,E,L,L,16500000,14/02/2010
10,1533,V,L,E,E,L,E,V,E,L,L,E,V,L,L,11000000,07/02/2010
10,1532,E,L,L,L,V,V,E,E,L,V,L,E,V,E,7500000,31/01/2010
10,1531,L,E,L,V,L,V,E,E,L,V,L,L,L,V,4500000,24/01/2010
10,1530,V,L,L,E,V,L,L,L,E,L,V,L,L,L,2500000,17/01/2010
10,1529,L,V,L,V,L,L,V,L,E,L,V,L,E,V,2500000,10/01/2010
10,1528,L,L,L,E,L,L,L,E,L,E,V,E,E,V,5000000,03/01/2010
10,1527,E,E,L,E,L,L,V,L,E,L,L,L,V,E,2500000,20/12/2009
10,1526,V,V,V,V,V,V,L,E,V,L,E,V,V,V,8000000,13/12/2009
10,1525,E,L,L,E,L,L,V,L,V,V,E,E,E,L,5500000,06/12/2009
10,1524,L,E,L,L,L,L,L,L,V,V,E,L,V,E,2500000,29/11/2009
10,1523,L,E,L,L,L,V,L,E,V,V,V,L,E,E,8500000,22/11/2009
10,1522,V,E,E,V,L,V,E,L,L,L,V,L,E,L,5500000,15/11/2009
10,1521,L,L,V,L,L,L,L,V,L,V,V,L,E,L,2500000,08/11/2009
10,1520,V,L,E,L,E,L,L,E,V,L,L,E,L,E,5500000,01/11/2009
10,1519,E,L,L,L,L,L,L,V,L,L,V,L,V,L,2500000,25/10/2009
10,1518,L,V,L,E,L,E,E,L,L,E,E,E,L,E,12500000,18/10/2009
10,1517,L,V,L,L,V,V,V,L,E,L,V,V,L,V,8000000,11/10/2009
10,1516,L,V,L,L,L,L,E,V,E,V,L,L,E,E,5500000,04/10/2009
10,1515,V,V,L,E,L,L,L,L,V,L,L,L,L,V,2500000,27/09/2009
10,1514,E,V,L,V,L,E,L,L,V,L,L,L,L,V,2500000,20/09/2009
10,1513,V,L,V,L,V,L,V,L,L,V,V,L,V,V,2500000,13/09/2009
10,1512,V,L,L,L,L,V,L,V,L,E,L,E,L,E,500000,06/09/2009
10,1511,E,E,E,E,V,L,E,L,L,V,V,L,L,E,5500000,30/08/2009
10,1510,E,V,E,V,V,L,L,E,V,L,L,L,L,V,2500000,23/08/2009
10,1509,V,L,L,V,L,L,L,L,L,E,V,V,L,L,5500000,16/08/2009
10,1508,L,E,V,V,L,L,L,E,L,L,E,E,L,E,2500000,09/08/2009
10,1507,V,L,V,V,E,V,L,E,L,L,L,E,L,V,9500000,02/08/2009
10,1506,V,V,E,L,L,E,L,E,E,E,V,L,L,V,7500000,26/07/2009
10,1505,E,L,L,L,L,V,V,E,L,E,E,L,V,V,5000000,19/07/2009
10,1504,E,V,E,L,V,E,V,L,V,L,V,V,V,L,3500000,05/07/2009
10,1503,L,V,E,L,E,L,V,V,E,E,L,V,E,V,2500000,21/06/2009
10,1502,E,V,L,L,L,V,L,L,L,L,L,E,E,L,2500000,14/06/2009
10,1501,L,L,V,V,L,V,V,V,V,E,L,L,L,V,2500000,07/06/2009
10,1500,L,E,V,E,L,L,L,L,V,L,L,L,V,E,2500000,31/05/2009
10,1499,V,V,V,V,L,V,V,L,L,L,V,L,L,L,2500000,24/05/2009
10,1498,L,E,L,E,L,E,L,L,E,L,L,L,L,E,22000000,17/05/2009
10,1497,L,E,E,L,L,L,L,L,E,V,V,L,E,E,18000000,10/05/2009
10,1496,V,V,L,E,L,E,L,L,V,V,V,V,V,L,14500000,03/05/2009
10,1495,L,E,E,V,E,V,V,L,E,E,E,V,V,L,11000000,26/04/2009
10,1494,L,V,L,L,E,L,L,L,V,V,V,E,L,E,7500000,19/04/2009
10,1493,E,V,E,L,E,L,E,L,E,L,V,V,L,L,5000000,12/04/2009
10,1492,V,E,L,L,E,V,L,E,L,L,V,V,L,L,2500000,05/04/2009
10,1491,L,E,E,L,E,V,L,E,E,V,L,E,L,E,6000000,29/03/2009
10,1490,L,L,L,L,L,E,V,L,E,L,L,E,L,V,2500000,22/03/2009
10,1489,V,L,L,E,L,L,E,V,E,V,E,V,L,V,5500000,15/03/2009
10,1488,V,L,E,L,V,L,L,L,E,V,E,L,E,E,2500000,08/03/2009
10,1487,E,E,L,E,E,E,L,V,L,L,L,L,V,E,18500000,01/03/2009
10,1486,E,V,E,L,V,L,E,L,V,E,E,E,E,V,14500000,22/02/2009
10,1485,E,L,V,L,L,L,V,L,L,V,L,L,E,L,10500000,15/02/2009
10,1484,L,E,E,V,E,V,V,V,E,L,V,E,L,E,8000000,08/02/2009
10,1483,V,E,V,L,E,E,L,E,V,E,V,L,V,L,5000000,01/02/2009
10,1482,V,L,L,V,L,E,L,L,E,V,L,L,L,V,2500000,25/01/2009
10,1481,L,E,E,V,E,L,V,E,L,E,L,E,L,E,7000000,18/01/2009
10,1480,E,V,L,V,L,E,V,V,V,L,V,V,E,E,5500000,11/01/2009
10,1479,V,E,E,L,E,L,L,L,E,V,L,V,L,E,3500000,04/01/2009
10,1478,L,V,E,L,L,L,E,L,V,V,V,L,L,E,2500000,21/12/2008
10,1477,V,L,L,L,L,L,L,E,L,L,L,L,L,E,2500000,14/12/2008
10,1476,L,E,L,L,V,E,E,L,E,V,E,V,V,V,2500000,07/12/2008
10,1475,V,E,L,V,V,L,V,L,V,V,V,L,E,V,9500000,30/11/2008
10,1474,E,E,E,L,V,E,L,L,E,E,L,L,L,E,7500000,23/11/2008
10,1473,L,L,L,E,L,L,V,L,E,L,L,V,V,L,5000000,16/11/2008
10,1472,E,L,L,V,L,V,L,L,L,E,V,L,E,L,2500000,09/11/2008
10,1471,V,L,L,E,E,L,L,E,L,V,L,V,V,V,2500000,02/11/2008
10,1470,L,E,E,E,L,L,E,E,V,E,E,L,E,V,5000000,26/10/2008
10,1469,V,V,L,V,L,E,L,L,E,V,V,E,V,V,2500000,19/10/2008
10,1468,E,L,L,E,V,L,L,E,L,V,V,L,E,V,18000000,12/10/2008
10,1467,E,V,E,V,E,V,E,L,L,L,L,L,E,L,14000000,05/10/2008
10,1466,V,E,L,V,V,L,L,L,V,L,L,V,L,L,11000000,28/09/2008
10,1465,E,V,L,V,E,E,V,V,E,E,E,E,E,V,8500000,21/09/2008
10,1464,L,V,L,V,E,L,E,E,E,L,V,L,V,L,5500000,14/09/2008
10,1463,V,V,E,V,V,E,L,L,E,E,V,E,L,V,4500000,07/09/2008
10,1462,E,L,L,E,L,L,E,L,V,V,L,V,L,E,2500000,31/08/2008
10,1461,L,L,V,E,E,L,L,V,L,E,V,L,V,V,6000000,24/08/2008
10,1460,V,E,E,E,V,L,L,L,L,E,E,E,L,L,5000000,17/08/2008
10,1459,L,L,V,E,L,L,E,L,E,E,L,L,L,V,2500000,10/08/2008
10,1458,V,V,L,V,V,E,E,L,E,L,L,L,L,V,12500000,03/08/2008
10,1457,E,E,V,E,L,L,L,E,L,E,L,E,V,L,10000000,27/07/2008
10,1456,L,E,V,L,L,V,V,V,L,L,V,L,E,E,8000000,20/07/2008
10,1455,V,V,L,V,V,L,L,L,V,V,V,E,E,E,7000000,22/06/2008
10,1454,V,L,V,L,E,L,L,V,V,V,L,E,E,L,6000000,08/06/2008
10,1453,V,V,V,L,L,L,E,L,V,E,V,V,E,E,4000000,18/05/2008
10,1452,L,L,E,L,V,V,E,E,V,V,L,L,L,E,2500000,11/05/2008
10,1451,E,L,L,E,L,L,E,E,E,E,L,V,L,L,5000000,04/05/2008
10,1450,E,L,V,L,V,L,L,V,V,V,L,V,L,E,2500000,27/04/2008
10,1449,L,V,L,E,E,L,V,V,L,V,V,V,V,L,500000,20/04/2008
10,1448,L,E,L,E,E,E,L,V,V,L,L,E,L,E,3500000,13/04/2008
10,1447,V,E,E,V,V,V,V,E,L,L,L,V,L,E,10000000,06/04/2008
10,1446,L,L,L,L,E,L,L,E,V,V,L,V,E,L,7000000,30/03/2008
10,1445,L,L,E,E,E,V,V,L,L,L,L,L,V,V,4500000,23/03/2008
10,1444,L,E,V,E,E,E,V,L,L,L,E,L,L,L,2500000,16/03/2008
10,1443,V,L,L,E,V,L,V,V,E,E,E,E,V,L,5500000,09/03/2008
10,1442,E,L,L,L,V,V,L,E,L,E,V,L,L,V,2500000,02/03/2008
10,1441,L,E,E,V,E,V,V,L,L,L,E,L,L,V,7500000,24/02/2008
10,1440,L,E,V,L,L,V,L,E,E,V,L,L,L,V,500000,17/02/2008
10,1439,L,V,L,V,L,L,L,V,L,E,E,E,E,E,2500000,10/02/2008
10,1438,E,L,L,V,L,L,E,L,L,V,L,L,E,V,6500000,03/02/2008
10,1437,L,L,L,L,V,E,E,L,E,V,E,V,L,E,4000000,27/01/2008
10,1436,E,E,E,L,L,E,E,E,V,L,E,E,V,L,2500000,20/01/2008
10,1435,V,L,L,L,L,L,L,V,L,L,L,E,V,L,2500000,13/01/2008
10,1434,V,L,L,L,E,V,L,E,L,L,V,L,L,L,12000000,06/01/2008
10,1433,E,V,V,L,E,V,E,L,L,E,E,L,L,E,10000000,23/12/2007
10,1432,V,L,E,V,V,E,L,E,V,V,V,L,E,E,8000000,16/12/2007
10,1431,E,E,L,E,L,V,E,V,L,V,E,L,V,L,6000000,09/12/2007
10,1430,L,E,L,E,V,V,E,L,L,L,E,L,E,V,5000000,02/12/2007
10,1429,V,L,L,L,L,L,L,E,L,E,V,V,V,E,2500000,25/11/2007
10,1428,E,V,V,E,V,L,E,L,L,V,V,E,L,L,14000000,18/11/2007
10,1427,E,V,L,L,L,L,L,V,L,L,V,V,V,L,10000000,11/11/2007
10,1426,E,V,L,E,L,L,E,E,L,E,L,V,L,L,7500000,04/11/2007
10,1425,L,E,L,V,V,L,E,E,V,L,E,L,V,L,5000000,28/10/2007
10,1424,L,L,E,V,L,V,L,V,V,E,E,L,V,L,2500000,21/10/2007
10,1423,E,E,L,V,V,L,E,V,L,E,L,L,E,V,2500000,14/10/2007
10,1422,L,E,V,L,L,E,L,E,V,E,E,L,L,V,7500000,07/10/2007
10,1421,V,E,E,L,L,E,L,V,L,V,E,V,L,L,4500000,30/09/2007
10,1420,L,E,L,V,V,L,L,L,V,L,V,L,L,L,2500000,23/09/2007
10,1419,E,L,V,L,L,E,L,V,V,E,V,E,L,E,4500000,16/09/2007
10,1418,E,V,V,E,L,E,L,L,V,L,L,L,E,L,2500000,09/09/2007
10,1417,V,V,L,L,E,L,L,L,E,E,E,E,V,E,4500000,02/09/2007
10,1416,L,L,L,V,L,L,L,V,E,V,V,E,L,L,3500000,26/08/2007
10,1415,L,E,V,L,V,E,L,L,L,E,L,V,L,E,2500000,19/08/2007
10,1414,L,L,L,E,L,L,V,L,E,L,L,V,E,E,2500000,12/08/2007
10,1413,E,E,E,E,E,L,L,E,E,L,V,L,E,E,4500000,05/08/2007
10,1412,L,L,E,V,L,E,E,V,E,L,E,L,L,E,3500000,29/07/2007
10,1411,V,V,L,L,L,L,V,L,E,E,E,L,L,L,2500000,05/07/2007
10,1410,L,L,V,E,V,L,V,V,E,L,V,L,E,V,8000000,17/06/2007
10,1409,L,L,E,L,E,E,V,V,E,L,L,E,E,V,5000000,10/06/2007
10,1408,V,E,V,V,V,V,V,L,L,L,E,E,E,L,3500000,03/06/2007
10,1407,L,V,L,L,V,V,L,L,L,V,L,L,V,V,2500000,27/05/2007
10,1406,L,V,V,E,L,V,L,V,L,V,V,L,L,L,2500000,20/05/2007
10,1405,L,E,V,E,V,V,V,V,L,E,L,L,L,V,6500000,13/05/2007
10,1404,V,E,V,V,L,V,V,L,L,L,E,V,E,L,5000000,06/05/2007
10,1403,L,V,E,V,E,L,L,L,L,L,E,V,E,V,500000,29/04/2007
10,1402,L,E,L,L,L,L,E,L,V,E,V,L,L,L,11000000,22/04/2007
10,1401,E,L,E,L,E,V,V,L,L,E,L,E,V,L,6000000,15/04/2007
10,1400,L,L,E,L,L,L,V,E,L,L,L,V,E,L,2500000,08/04/2007
10,1399,E,L,V,V,E,L,V,L,E,L,E,L,V,V,10000000,01/04/2007
10,1398,E,E,E,L,V,L,V,E,L,E,E,L,V,V,6500000,25/03/2007
10,1397,L,L,V,L,V,E,E,L,E,L,E,L,L,L,2500000,18/03/2007
10,1396,L,V,V,V,V,V,E,L,E,E,L,V,E,E,7000000,11/03/2007
10,1395,V,L,L,V,V,L,L,E,L,L,L,L,L,L,2500000,04/03/2007
10,1394,L,L,L,L,V,E,V,V,L,L,E,V,V,E,15000000,25/02/2007
10,1393,L,E,V,L,E,E,L,E,E,V,L,E,E,E,10000000,18/02/2007
10,1392,E,V,L,V,E,E,L,E,E,V,E,E,L,L,5000000,11/02/2007
10,1391,E,L,V,E,V,L,L,L,V,V,L,V,L,L,2500000,04/02/2007
10,1390,V,L,L,L,L,L,L,E,V,E,E,L,L,L,13500000,28/01/2007
10,1389,E,L,L,L,E,L,E,L,L,V,V,L,V,E,9500000,21/01/2007
10,1388,E,L,V,L,L,V,E,L,V,L,V,L,V,E,6000000,14/01/2007
10,1387,E,E,L,L,L,V,V,L,L,V,V,L,E,E,4500000,07/01/2007
10,1386,E,L,E,L,E,V,V,V,V,V,V,L,V,V,3000000,17/12/2006
10,1385,L,L,V,E,L,L,E,L,V,L,L,L,L,L,2000000,10/12/2006
10,1384,L,L,L,E,V,E,E,L,E,V,E,L,L,L,6500000,03/12/2006
10,1383,E,V,L,L,L,E,V,E,L,E,E,L,V,V,5000000,26/11/2006
10,1382,L,E,E,L,E,V,V,L,V,V,V,L,L,L,3500000,19/11/2006
10,1381,E,L,L,E,L,V,L,E,L,E,V,L,L,V,2000000,12/11/2006
10,1380,V,E,E,L,L,L,L,E,E,E,L,L,V,L,5000000,05/11/2006
10,1379,E,L,L,V,L,L,L,E,E,V,V,L,L,E,2000000,29/10/2006
10,1378,E,V,V,L,E,L,L,E,L,E,L,E,L,L,2000000,22/10/2006
10,1377,L,L,L,E,E,L,V,L,E,L,V,L,L,V,8500000,15/10/2006
10,1376,L,E,L,L,V,E,V,L,L,L,E,L,E,L,5000000,08/10/2006
10,1375,V,L,V,L,L,L,V,E,L,L,E,V,V,E,2000000,01/10/2006
10,1374,V,L,E,E,E,E,L,E,V,E,E,L,L,L,5000000,24/09/2006
10,1373,L,V,L,L,L,E,L,E,V,E,V,E,V,V,2000000,17/09/2006
10,1372,E,V,L,V,L,L,L,V,L,L,V,L,L,V,10000000,10/09/2006
10,1371,L,L,L,E,E,E,V,L,E,V,V,V,V,E,7000000,03/09/2006
10,1370,L,L,L,E,V,L,E,V,L,V,V,V,L,L,4500000,27/08/2006
10,1369,V,L,E,L,V,L,L,L,E,V,L,V,L,V,2000000,20/08/2006
10,1368,V,L,L,L,L,V,L,E,V,V,V,V,L,E,2000000,13/08/2006
10,1367,V,L,L,L,V,V,L,L,E,E,V,L,L,V,8000000,06/08/2006
10,1366,L,E,L,L,L,E,L,V,E,E,E,V,L,E,6500000,23/06/2006
10,1365,V,E,L,E,E,V,V,E,E,L,L,E,V,L,5000000,16/06/2006
10,1364,V,V,V,L,V,V,L,V,E,V,L,V,V,E,2000000,09/06/2006
10,1363,V,L,V,L,V,L,L,E,L,V,V,E,L,L,6000000,14/05/2006
10,1362,L,V,E,E,L,V,L,E,E,L,V,V,V,V,2000000,07/05/2006
10,1361,V,E,E,V,V,L,L,L,E,E,V,V,E,V,42000000,30/04/2006
10,1360,V,V,V,L,L,V,E,E,E,L,L,E,E,L,37000000,23/04/2006
10,1359,V,L,L,E,V,L,E,V,E,V,L,E,E,L,32000000,16/04/2006
10,1358,E,L,L,V,L,E,V,L,E,V,E,V,E,V,27000000,09/04/2006
10,1357,E,L,V,L,E,V,L,L,E,V,E,L,V,E,23000000,02/04/2006
10,1356,L,L,V,E,L,V,V,V,L,E,L,E,E,L,18000000,26/03/2006
10,1355,L,V,V,V,L,V,L,V,E,V,L,V,V,V,15000000,19/03/2006
10,1354,L,E,V,E,L,V,L,L,V,L,E,L,L,E,12000000,12/03/2006
10,1353,E,L,E,E,V,V,E,L,E,L,L,L,V,E,8000000,05/03/2006
10,1352,V,L,V,L,E,L,E,V,E,E,L,V,L,V,4500000,26/02/2006
10,1351,L,V,L,L,E,L,E,L,L,V,V,L,V,V,2000000,19/02/2006
10,1350,V,L,E,V,E,L,E,E,E,V,V,L,V,V,15000000,12/02/2006
10,1349,L,V,V,L,V,L,L,L,E,V,V,V,L,E,11500000,05/02/2006
10,1348,E,L,V,E,E,L,V,V,V,L,L,V,L,V,8500000,29/01/2006
10,1347,L,L,E,V,E,L,L,L,L,V,V,V,L,V,6000000,22/01/2006
10,1346,L,L,L,V,L,L,E,V,V,E,L,E,E,L,4000000,15/01/2006
10,1345,V,E,L,V,V,E,E,L,L,L,V,E,E,V,2500000,08/01/2006
10,1344,V,L,V,E,E,E,L,V,E,L,V,E,L,E,2000000,18/12/2005
10,1343,L,L,V,E,V,E,L,L,V,L,L,L,E,V,9000000,11/12/2005
10,1342,V,L,V,E,E,L,V,E,V,V,V,V,L,V,5500000,04/12/2005
10,1341,L,E,L,L,L,L,L,L,L,E,E,L,V,V,3500000,27/11/2005
10,1340,V,L,V,L,L,V,L,L,L,V,L,E,V,V,2000000,20/11/2005
10,1339,L,L,V,L,V,V,V,V,V,V,V,L,E,V,15000000,13/11/2005
10,1338,E,E,E,V,E,V,L,E,E,L,L,L,E,L,11000000,06/11/2005
10,1337,E,V,V,V,V,L,V,V,E,V,L,L,V,L,9000000,30/10/2005
10,1336,L,L,L,E,L,V,V,E,E,E,E,L,V,L,6000000,23/10/2005
10,1335,L,V,L,V,V,L,L,V,E,L,L,L,L,L,3000000,16/10/2005
10,1334,L,L,E,E,V,V,E,V,L,E,L,V,E,V,2000000,09/10/2005
10,1333,V,E,E,V,V,L,L,L,L,V,E,L,E,V,8000000,02/10/2005
10,1332,E,L,E,E,E,V,L,V,L,V,L,V,E,V,5500000,25/09/2005
10,1331,L,L,V,L,V,V,V,V,L,E,L,L,L,L,3500000,18/09/2005
10,1330,E,L,L,V,L,L,L,E,L,E,L,L,E,V,2000000,11/09/2005
10,1329,V,L,L,L,V,L,L,L,E,L,E,V,E,L,2000000,04/09/2005
10,1328,E,V,V,E,L,V,V,L,L,L,V,E,V,L,5000000,28/08/2005
10,1327,L,E,L,V,V,E,L,E,L,L,L,L,E,V,3000000,21/08/2005
10,1326,L,L,V,L,L,E,V,V,L,E,E,L,E,V,2000000,14/08/2005
10,1325,L,E,E,E,L,V,L,E,E,V,E,E,V,L,3000000,07/08/2005
10,1324,L,E,V,L,V,E,L,L,E,L,E,V,E,L,2000000,14/07/2005
10,1323,V,L,V,V,L,V,L,L,V,E,E,E,E,L,1000000,29/06/2005
10,1322,L,V,L,E,L,L,L,E,E,E,V,E,V,V,1000000,05/06/2005
10,1321,L,E,L,L,E,L,V,E,E,V,L,E,E,E,4000000,29/05/2005
10,1320,E,V,E,E,E,E,E,E,L,L,L,V,E,E,3500000,22/05/2005
10,1319,L,E,E,L,V,E,L,V,E,E,E,L,E,E,2000000,15/05/2005
10,1318,L,L,L,V,L,V,L,L,L,E,E,L,L,V,1000000,08/05/2005
10,1317,V,V,L,L,V,V,L,V,L,V,V,E,L,L,3000000,01/05/2005
10,1316,V,L,L,E,L,E,E,E,L,L,L,L,L,E,1000000,24/04/2005
10,1315,L,V,L,V,E,E,L,L,E,V,V,V,L,L,5000000,17/04/2005
10,1314,V,V,V,E,V,L,E,L,L,V,E,E,V,L,3000000,10/04/2005
10,1313,V,L,E,L,E,L,L,L,E,E,E,V,L,L,1000000,03/04/2005
10,1312,L,L,L,E,E,V,V,V,V,V,V,E,V,E,1000000,27/03/2005
10,1311,V,L,L,L,L,L,L,V,E,V,E,V,V,V,1000000,20/03/2005
10,1310,E,L,L,L,E,E,V,E,L,L,L,V,E,V,6000000,13/03/2005
10,1309,E,E,L,E,E,L,E,L,L,V,V,E,E,E,3000000,06/03/2005
10,1308,E,L,V,V,V,L,L,L,L,V,L,L,E,L,1000000,27/02/2005
10,1307,L,L,L,E,L,L,E,V,L,L,V,L,L,L,1000000,20/02/2005
10,1306,L,L,E,L,L,L,L,E,L,L,L,E,L,L,1000000,13/02/2005
10,1305,E,L,L,L,V,V,E,E,L,L,E,L,E,E,3000000,06/02/2005
10,1304,L,L,L,E,E,V,V,L,L,L,L,E,V,L,0,30/01/2005
10,1303,V,E,L,V,L,V,E,L,L,L,V,L,L,L,0,23/01/2005
10,1302,L,L,E,V,V,V,V,E,L,V,L,L,V,L,0,16/01/2005
10,1301,V,L,L,V,L,E,L,E,L,L,V,E,V,L,0,09/01/2005
10,1300,L,L,E,V,E,L,V,E,L,L,L,E,E,L,0,19/12/2004
10,1299,V,L,L,V,L,E,V,E,L,V,V,L,V,E,0,12/12/2004
10,1298,V,L,L,L,L,E,V,L,E,V,E,L,E,V,0,05/12/2004
10,1297,L,L,E,L,V,L,L,V,V,V,E,V,L,V,0,28/11/2004
10,1296,L,L,E,L,E,L,V,V,V,E,E,V,E,L,0,21/11/2004
10,1295,V,E,L,E,V,E,L,E,L,V,L,E,E,L,0,14/11/2004
10,1294,L,E,L,L,V,L,V,L,V,L,V,L,E,E,0,07/11/2004
10,1293,V,L,L,V,L,L,L,L,V,V,L,L,L,L,0,31/10/2004
10,1292,E,E,L,V,L,E,V,V,L,L,V,V,L,L,0,24/10/2004
10,1291,E,V,L,V,V,V,V,L,L,L,L,E,V,V,0,17/10/2004
10,1290,V,V,E,L,L,V,L,L,E,E,V,L,L,V,0,10/10/2004
10,1289,L,E,L,L,E,V,L,L,L,L,L,L,E,L,0,03/10/2004
10,1288,E,E,L,L,V,L,V,V,V,E,E,V,E,L,0,26/09/2004
10,1287,L,V,L,L,L,E,L,E,L,L,L,E,E,E,0,19/09/2004
10,1286,V,V,L,L,E,E,E,V,L,E,V,L,L,L,0,12/09/2004
10,1285,L,E,E,V,L,E,L,V,L,V,E,V,L,V,0,05/09/2004
10,1284,V,V,L,E,L,V,L,E,E,V,L,L,V,V,0,29/08/2004
10,1283,V,V,V,L,L,V,E,V,L,L,V,V,E,E,0,22/08/2004
10,1282,E,V,L,L,V,V,L,L,L,V,V,L,E,L,0,16/08/2004
10,1281,E,E,L,V,L,L,V,L,V,V,L,E,V,E,0,25/07/2004
10,1280,V,E,E,V,V,V,V,L,V,L,V,E,L,E,0,11/07/2004
10,1279,L,V,L,L,E,L,L,V,E,L,L,L,E,E,0,13/06/2004
10,1278,L,V,L,E,L,V,L,L,E,V,V,V,L,E,0,16/05/2004
10,1277,L,V,E,E,L,E,E,L,V,V,L,E,V,L,0,09/05/2004
10,1276,E,E,V,E,V,E,L,E,L,V,E,V,L,L,0,02/05/2004
10,1275,L,E,L,L,L,E,E,L,L,L,E,E,L,L,0,25/04/2004
10,1274,L,L,L,L,L,E,L,L,L,L,E,E,E,E,0,18/04/2004
10,1273,V,L,E,V,E,E,E,L,V,E,E,L,L,V,0,11/04/2004
10,1272,L,V,L,V,L,V,E,L,E,L,V,E,V,E,0,04/04/2004
10,1271,L,E,L,E,E,L,V,V,V,E,E,V,V,E,0,28/03/2004
10,1270,E,L,E,L,E,V,E,V,E,L,E,V,V,V,0,21/03/2004
10,1269,V,V,L,L,E,L,V,L,V,L,V,V,E,L,0,14/03/2004
10,1268,E,E,L,V,L,V,E,L,E,V,V,V,V,L,0,07/03/2004
10,1267,V,V,L,E,L,L,L,L,L,L,V,L,V,E,0,29/02/2004
10,1266,L,L,V,E,L,L,V,L,V,L,L,E,L,E,0,22/02/2004
10,1265,L,L,V,E,L,E,V,L,L,V,L,L,E,V,0,15/02/2004
10,1264,L,E,V,L,V,L,L,E,E,L,L,V,V,V,0,08/02/2004
10,1263,L,V,L,E,V,L,L,L,E,L,E,E,V,V,0,01/02/2004
10,1262,L,E,E,E,L,E,L,V,E,V,V,L,L,V,0,25/01/2004
10,1261,L,E,E,V,E,V,E,E,L,V,V,V,V,E,0,18/01/2004
10,1260,V,L,L,L,V,E,L,V,E,L,V,L,V,L,0,11/01/2004
10,1259,E,V,L,L,L,L,E,L,E,V,V,V,V,L,0,04/01/2004
10,1258,L,L,E,E,V,V,V,V,V,V,L,E,E,E,0,21/12/2003
10,1257,L,L,V,L,V,E,V,E,L,L,L,V,E,E,0,14/12/2003
10,1256,V,V,V,E,E,L,E,L,L,V,L,E,V,L,0,07/12/2003
10,1255,L,V,L,E,V,L,E,E,V,V,L,E,E,L,0,30/11/2003
10,1254,E,L,V,V,E,E,L,L,L,V,L,L,L,V,0,23/11/2003
10,1253,E,V,E,L,L,E,V,V,E,V,L,V,V,L,0,16/11/2003
10,1252,V,V,E,V,L,E,V,V,L,E,E,L,V,E,0,09/11/2003
10,1251,E,L,L,V,V,E,L,E,E,V,E,L,L,E,0,02/11/2003
10,1250,L,L,E,V,V,L,V,L,V,V,V,V,L,E,0,26/10/2003
10,1249,V,L,V,L,L,L,L,V,L,E,L,V,E,L,0,19/10/2003
10,1248,E,V,L,L,L,L,L,L,V,L,E,L,V,V,0,12/10/2003
10,1247,L,E,E,L,L,L,V,L,E,L,E,L,L,E,0,05/10/2003
10,1246,L,E,E,L,V,E,E,L,E,L,L,V,L,V,0,28/09/2003
10,1245,L,L,L,V,V,L,L,L,V,E,L,L,V,L,0,21/09/2003
10,1244,V,V,V,L,L,V,L,L,L,E,V,E,L,L,0,14/09/2003
10,1243,V,L,E,V,V,L,V,L,V,L,E,V,L,L,0,07/09/2003
10,1242,L,V,V,E,E,E,L,L,L,E,L,E,E,V,0,31/08/2003
10,1241,E,V,E,E,E,L,L,V,V,L,V,L,E,E,0,24/08/2003
10,1240,E,L,L,L,V,L,L,E,E,L,V,E,V,L,0,17/08/2003
10,1239,V,L,L,E,E,V,E,V,L,V,L,L,L,L,0,10/08/2003
10,1238,V,E,L,L,E,E,E,E,V,L,E,E,L,E,0,03/08/2003
10,1237,V,L,L,V,L,L,V,V,V,V,E,E,L,E,0,27/07/2003
10,1236,L,L,E,L,V,V,V,E,L,V,L,E,E,E,0,22/06/2003
10,1235,E,L,V,L,E,L,V,L,E,L,L,L,E,V,0,15/06/2003
10,1234,L,V,L,L,V,V,E,L,V,E,L,E,V,L,0,08/06/2003
10,1233,L,V,L,E,L,L,E,E,L,E,V,L,V,E,0,01/06/2003
10,1232,L,L,L,L,V,E,V,V,V,E,L,L,V,L,0,25/05/2003
10,1231,E,L,L,E,L,E,E,V,V,V,V,L,E,V,0,18/05/2003
10,1230,V,L,L,V,L,V,L,V,V,E,L,E,V,V,0,11/05/2003
10,1229,V,L,L,L,E,E,L,E,V,V,E,L,L,E,0,04/05/2003
10,1228,E,V,E,V,E,V,L,E,L,E,L,E,L,V,0,27/04/2003
10,1227,L,V,L,L,L,L,E,L,V,L,V,L,L,E,0,20/04/2003
10,1226,E,E,E,L,V,E,E,L,L,E,V,E,V,L,0,13/04/2003
10,1225,L,L,E,V,L,L,E,E,V,E,L,E,L,L,0,06/04/2003
10,1224,V,E,E,E,V,L,E,V,E,V,V,L,V,V,0,30/03/2003
10,1223,L,L,L,V,L,V,L,E,V,E,L,L,E,L,0,23/03/2003
10,1222,V,V,L,L,E,L,L,E,V,L,V,E,L,E,0,16/03/2003
10,1221,V,E,E,V,E,L,V,L,V,E,E,L,E,L,0,09/03/2003
10,1220,V,E,V,E,V,E,E,E,V,E,E,E,E,E,0,02/03/2003
10,1219,E,E,V,L,L,L,L,L,V,L,E,L,L,V,0,23/02/2003
10,1218,L,E,V,L,E,V,E,L,V,L,L,E,V,L,0,16/02/2003
10,1217,L,E,L,L,E,V,V,L,E,V,L,V,V,E,0,09/02/2003
10,1216,L,L,L,E,L,L,L,V,E,E,L,L,L,L,0,02/02/2003
10,1215,L,L,E,V,V,V,L,E,L,V,L,L,L,L,0,26/01/2003
10,1214,L,E,E,V,L,V,V,L,E,L,E,L,L,V,0,19/01/2003
10,1213,L,E,E,L,L,L,E,L,L,L,L,V,V,E,0,12/01/2003
10,1212,L,V,E,L,L,L,V,L,L,L,E,E,L,E,0,05/01/2003
10,1211,L,E,L,L,V,V,V,V,V,L,V,V,L,V,0,22/12/2002
10,1210,L,L,L,L,L,L,V,L,L,L,L,V,V,V,0,15/12/2002
10,1209,V,L,L,L,L,L,L,L,V,V,L,V,E,L,0,08/12/2002
10,1208,E,L,L,L,V,L,E,V,L,E,V,E,E,V,0,01/12/2002
10,1207,E,V,L,L,E,V,L,L,V,V,E,V,E,L,0,24/11/2002
10,1206,E,V,V,E,L,V,L,L,L,E,L,L,L,E,0,17/11/2002
10,1205,E,E,L,E,E,L,L,L,E,E,L,L,L,L,0,10/11/2002
10,1204,L,L,V,L,L,L,L,L,V,L,V,L,V,E,0,03/11/2002
10,1203,V,L,E,L,V,L,E,L,L,L,E,L,E,E,0,27/10/2002
10,1202,L,E,E,L,L,E,L,V,V,E,E,L,E,E,0,20/10/2002
10,1201,L,E,E,L,V,L,E,L,L,E,E,E,E,L,0,13/10/2002
10,1200,L,E,L,E,L,E,E,V,L,E,E,E,E,V,0,06/10/2002
10,1199,L,E,L,E,E,E,V,L,V,L,E,L,L,E,0,29/09/2002
10,1198,L,V,L,V,L,V,E,E,V,L,L,E,L,L,0,22/09/2002
10,1197,L,E,V,V,L,L,E,L,V,V,E,V,V,E,0,15/09/2002
10,1196,L,L,L,E,V,L,V,E,L,V,L,E,E,E,0,08/09/2002
10,1195,L,L,E,L,E,L,L,E,E,V,L,V,E,L,0,01/09/2002
10,1194,E,L,L,V,V,L,E,V,L,V,V,V,L,V,0,25/08/2002
10,1193,E,L,E,V,L,L,V,V,L,L,E,V,V,V,0,18/08/2002
10,1192,L,L,V,V,L,V,L,E,L,E,L,V,L,E,0,11/08/2002
10,1191,V,L,V,L,V,E,V,E,L,V,E,L,V,L,0,04/08/2002
10,1190,V,L,E,E,L,V,V,E,V,L,L,L,V,V,0,30/06/2002
10,1189,L,L,E,L,E,L,E,V,E,V,E,E,L,L,0,14/06/2002
10,1188,V,E,L,E,L,L,V,L,V,L,E,L,L,E,0,05/06/2002
10,1187,V,L,E,L,L,V,V,E,L,L,L,V,L,L,0,12/05/2002
10,1186,E,V,L,L,L,L,V,V,V,L,L,V,V,L,0,05/05/2002
10,1185,V,E,V,L,V,L,V,L,L,L,L,V,L,V,0,28/04/2002
10,1184,L,E,L,E,L,E,V,E,E,L,L,L,E,E,0,21/04/2002
10,1183,L,E,E,E,E,V,L,L,L,V,V,L,L,E,0,14/04/2002
10,1182,L,E,E,L,E,V,L,L,L,L,E,L,V,E,0,07/04/2002
10,1181,L,E,L,E,V,L,V,E,V,L,L,E,V,L,0,31/03/2002
10,1180,L,V,L,L,V,E,L,V,E,V,V,E,L,L,0,24/03/2002
10,1179,L,E,V,L,E,V,L,L,L,E,L,L,E,E,0,17/03/2002
10,1178,L,L,L,L,E,L,V,V,E,L,V,L,E,V,0,10/03/2002
10,1177,L,E,L,L,E,L,V,E,E,V,V,V,E,V,0,03/03/2002
10,1176,V,E,E,L,L,E,V,L,L,E,E,L,L,L,0,24/02/2002
10,1175,L,L,V,L,L,L,L,V,L,V,E,L,L,E,0,17/02/2002
10,1174,L,E,E,V,V,V,V,L,V,V,E,E,L,E,0,10/02/2002
10,1173,E,L,L,V,E,V,V,E,L,L,V,V,E,E,0,03/02/2002
10,1172,E,V,E,E,E,V,E,V,L,E,E,V,E,L,0,27/01/2002
10,1171,V,E,L,E,L,L,E,V,L,L,E,L,V,L,0,20/01/2002
10,1170,L,V,V,L,V,V,L,L,L,L,E,L,L,E,0,13/01/2002
10,1169,E,E,L,L,L,E,L,V,L,E,L,L,V,V,0,06/01/2002
10,1168,L,L,V,V,V,L,E,L,V,V,L,L,V,V,0,23/12/2001
10,1167,L,V,E,E,V,E,L,L,V,E,L,L,L,L,0,16/12/2001
10,1166,V,E,E,L,V,E,E,L,V,L,E,V,L,V,0,09/12/2001
10,1165,L,L,L,L,L,L,L,V,V,L,L,L,V,L,0,02/12/2001
10,1164,L,L,L,V,L,E,E,L,L,L,L,V,L,L,0,25/11/2001
10,1163,L,L,E,E,L,L,V,V,L,L,E,L,E,E,0,18/11/2001
10,1162,L,V,E,L,E,L,L,V,E,L,E,L,V,L,0,11/11/2001
10,1161,E,L,E,L,L,V,E,E,V,E,V,L,L,L,0,04/11/2001
10,1160,L,E,E,V,L,L,E,E,L,E,L,V,E,E,0,28/10/2001
10,1159,L,E,L,L,V,E,L,V,E,V,L,E,E,V,0,21/10/2001
10,1158,L,E,L,V,V,V,V,L,V,E,V,E,E,V,0,14/10/2001
10,1157,E,L,L,V,V,L,E,E,L,E,L,L,E,V,0,07/10/2001
10,1156,L,E,E,E,L,E,V,L,L,L,V,V,E,V,0,30/09/2001
10,1155,L,E,V,V,L,L,V,E,L,L,L,L,E,L,0,23/09/2001
10,1154,E,L,E,E,L,V,L,L,V,E,E,L,L,E,0,16/09/2001
10,1153,L,L,E,E,L,E,L,E,E,L,V,L,E,E,0,09/09/2001
10,1152,V,V,V,V,L,V,L,E,L,V,V,E,L,L,0,02/09/2001
10,1151,E,L,V,L,L,E,L,V,L,L,E,L,L,V,0,26/08/2001
10,1150,E,E,L,E,V,V,E,L,L,L,L,V,L,E,0,19/08/2001
10,1143,V,E,V,L,L,L,L,E,V,L,L,V,V,V,0,10/06/2001
10,1142,L,V,L,L,V,E,E,V,L,V,E,E,L,V,0,03/06/2001
10,1141,V,E,L,V,E,E,L,E,E,V,L,L,E,L,0,27/05/2001
10,1140,L,V,V,V,V,E,E,E,V,E,E,V,E,V,0,20/05/2001
10,1139,L,E,L,L,L,E,V,V,E,V,L,E,E,L,0,13/05/2001
10,1138,E,V,V,E,V,E,L,E,E,L,L,L,L,E,0,06/05/2001
10,1137,L,L,E,L,L,E,E,V,L,E,L,V,V,L,0,29/04/2001
10,1136,V,L,V,E,L,L,L,E,V,L,V,E,E,V,0,22/04/2001
10,1135,L,V,V,V,L,V,L,L,V,L,L,L,L,V,0,15/04/2001
10,1134,L,L,L,E,E,L,L,L,L,V,V,E,V,E,0,08/04/2001
10,1133,L,L,L,L,E,L,L,L,E,L,L,V,V,L,0,01/04/2001
10,1132,L,V,V,V,V,E,E,V,L,V,E,E,L,L,0,25/03/2001
10,1131,V,L,V,L,E,V,L,E,L,E,L,L,L,V,0,18/03/2001
10,1130,E,V,E,E,E,V,V,V,E,L,V,L,L,E,0,11/03/2001
10,1129,E,L,L,L,E,V,V,L,V,L,E,L,E,V,0,04/03/2001
10,1128,E,L,L,E,E,V,E,E,E,L,L,E,V,L,0,25/02/2001
10,1127,V,E,V,L,V,E,L,L,E,V,V,E,L,V,0,18/02/2001
10,1126,V,L,L,E,L,L,V,L,V,L,L,L,L,V,0,11/02/2001
10,1125,L,E,E,L,L,V,L,L,L,L,E,L,V,V,0,04/02/2001
10,1124,L,V,E,E,L,E,E,L,L,L,L,V,E,E,0,28/01/2001
10,1123,L,V,E,L,L,L,E,V,V,E,E,L,L,V,0,21/01/2001
10,1122,L,E,E,E,V,V,L,E,L,L,V,L,E,V,0,14/01/2001
10,1121,V,E,E,L,L,L,V,V,E,L,E,V,E,L,0,07/01/2001
10,1120,L,V,L,E,V,E,E,L,L,V,V,V,V,E,0,17/12/2000
10,1119,L,L,L,V,L,L,L,L,V,E,L,L,E,V,0,10/12/2000
10,1118,V,V,E,V,L,L,V,L,E,V,E,E,L,E,0,03/12/2000
10,1117,L,L,L,V,L,L,V,L,L,L,V,V,L,E,0,26/11/2000
10,1116,L,L,E,E,V,E,L,E,L,L,L,E,E,V,0,19/11/2000
10,1115,L,V,L,V,L,L,E,L,E,L,V,E,E,L,0,12/11/2000
10,1114,E,V,V,L,V,E,L,L,L,L,V,L,V,E,0,05/11/2000
10,1113,L,V,L,L,E,E,L,E,L,V,E,E,V,V,0,29/10/2000
10,1112,E,E,E,V,V,V,L,V,L,L,E,L,L,L,0,22/10/2000
10,1111,L,E,V,L,L,V,V,V,V,E,E,L,V,L,0,15/10/2000
10,1110,L,L,V,L,L,E,E,E,V,L,L,E,V,L,0,08/10/2000
10,1109,E,L,E,V,V,E,E,V,L,L,E,E,L,E,0,01/10/2000
10,1108,L,E,V,E,L,L,L,L,E,V,E,E,V,E,0,24/09/2000
10,1107,L,L,V,V,L,L,L,L,V,E,L,E,L,V,0,17/09/2000
10,1106,L,L,V,L,V,E,L,L,L,E,L,V,E,L,0,10/09/2000
10,1105,L,E,L,E,V,L,L,E,L,V,V,V,E,E,0,03/09/2000
10,1104,V,V,V,V,L,L,E,V,L,L,L,E,L,E,0,27/08/2000
10,1103,V,L,L,L,L,V,V,V,E,L,V,V,L,L,0,20/08/2000
10,1102,L,L,E,E,V,V,L,E,V,V,L,L,L,V,0,13/08/2000
10,1101,E,L,L,L,L,L,V,L,L,L,L,V,E,L,0,06/08/2000
10,1100,L,L,L,L,V,E,V,E,L,L,L,L,E,L,0,30/07/2000
10,1099,L,L,L,L,V,E,V,E,L,L,L,L,E,L,0,16/07/2000
10,1098,L,L,L,L,E,V,V,L,L,V,L,L,V,V,0,09/07/2000
10,1097,E,L,E,L,V,L,L,V,L,L,L,V,E,L,0,02/07/2000
10,1096,E,L,L,L,L,V,V,E,V,L,V,L,V,V,0,18/06/2000
10,1095,E,L,V,L,L,E,E,L,L,L,L,L,V,E,0,04/06/2000
10,1094,E,L,L,L,L,E,L,E,L,E,L,L,V,V,0,28/05/2000
10,1093,V,L,E,V,V,L,L,L,L,V,V,L,E,L,0,21/05/2000
10,1092,V,V,L,L,V,L,V,E,E,E,E,E,L,E,0,14/05/2000
10,1091,L,V,L,L,L,V,L,V,L,V,V,E,E,V,0,07/05/2000
10,1090,L,L,L,E,E,L,L,L,L,L,V,L,V,V,0,30/04/2000
10,1089,E,L,L,V,E,L,E,L,V,L,L,E,V,V,0,23/04/2000
10,1088,E,L,V,L,V,E,L,E,E,L,V,L,V,E,0,16/04/2000
10,1087,V,L,V,E,V,V,L,E,L,E,L,V,E,E,0,09/04/2000
10,1086,L,L,V,E,L,V,L,V,L,E,E,V,V,L,0,02/04/2000
10,1085,L,E,L,L,V,L,V,L,V,E,V,L,L,V,0,26/03/2000
10,1084,E,L,V,L,E,L,V,E,L,L,E,E,L,L,0,19/03/2000
10,1083,L,V,L,E,E,E,L,E,V,E,V,L,V,V,0,12/03/2000
10,1082,L,E,L,E,V,V,V,L,E,L,E,E,L,V,0,05/03/2000
10,1081,V,V,E,L,L,E,L,L,L,L,L,V,L,L,0,27/02/2000
10,1080,E,E,L,L,V,L,E,V,V,V,L,E,L,L,0,20/02/2000
10,1079,L,L,E,L,E,V,V,E,L,L,E,L,V,E,0,13/02/2000
10,1078,L,L,V,V,L,L,L,E,L,V,L,E,E,E,0,06/02/2000
10,1077,E,L,V,E,V,E,V,L,E,V,L,V,L,L,0,30/01/2000
10,1076,L,L,E,L,L,L,L,L,V,E,L,L,V,V,0,23/01/2000
10,1075,E,E,L,L,L,V,E,V,E,E,V,L,V,L,0,16/01/2000
10,1074,L,V,V,E,V,V,L,L,L,E,E,V,V,E,0,09/01/2000
10,1073,E,E,V,L,E,L,E,L,L,E,E,L,L,V,0,19/12/1999
10,1072,L,V,E,E,L,L,E,V,V,E,L,L,L,E,0,12/12/1999
10,1071,E,E,V,L,L,L,L,L,L,V,L,L,L,V,0,05/12/1999
10,1070,V,E,L,L,V,E,L,E,V,E,L,V,V,V,0,28/11/1999
10,1069,L,V,V,L,V,V,E,V,L,L,L,V,L,L,0,21/11/1999
10,1068,L,E,E,L,V,L,L,E,V,L,V,V,L,E,0,14/11/1999
10,1067,E,V,V,L,V,V,L,E,L,E,E,V,V,E,0,07/11/1999
10,1066,L,L,E,L,L,E,E,V,V,E,V,V,L,E,0,31/10/1999
10,1065,L,L,E,V,V,L,E,V,V,E,V,E,V,E,0,24/10/1999
10,1064,E,E,E,L,V,V,L,V,L,V,E,V,V,V,0,17/10/1999
10,1063,L,V,L,L,L,V,V,L,E,V,L,E,V,E,0,10/10/1999
10,1062,V,E,L,V,E,L,L,L,L,V,E,V,V,E,0,03/10/1999
10,1061,V,L,L,L,L,E,V,E,V,E,V,E,V,E,0,26/09/1999
10,1060,V,L,E,L,L,V,V,E,V,L,L,E,E,L,0,19/09/1999
10,1059,L,E,V,V,L,E,E,L,V,L,L,E,E,E,0,12/09/1999
10,1058,V,V,E,V,L,E,E,L,L,E,V,E,V,V,0,05/09/1999
10,1057,L,V,L,E,L,V,V,L,L,L,V,L,E,L,0,29/08/1999
10,1056,V,L,V,E,E,L,E,V,L,E,L,L,L,V,0,22/08/1999
10,1055,L,L,V,V,V,L,V,L,E,V,V,E,L,E,0,15/08/1999
10,1054,L,V,E,L,E,E,L,V,L,L,E,L,L,L,0,04/08/1999
10,1053,V,V,L,L,L,L,L,V,E,L,L,L,L,L,0,07/07/1999
10,1052,E,V,L,V,E,L,L,V,L,L,E,E,V,V,0,20/06/1999
10,1051,E,E,E,L,L,L,L,V,E,E,V,L,V,E,0,13/06/1999
10,1050,E,L,L,V,V,V,E,V,V,L,E,L,L,L,0,06/06/1999
10,1049,L,L,E,L,E,L,V,L,E,L,L,V,E,L,0,30/05/1999
10,1048,V,E,E,L,V,V,V,V,V,E,L,L,E,V,0,23/05/1999
10,1047,V,V,L,L,L,V,L,L,L,V,E,L,E,L,0,16/05/1999
10,1046,E,E,L,L,L,V,L,V,V,L,L,V,V,V,0,09/05/1999
10,1045,L,L,L,L,L,E,L,V,L,V,E,L,L,V,0,02/05/1999
10,1044,E,L,V,L,L,E,L,L,E,L,E,L,L,V,0,25/04/1999
10,1043,V,L,L,V,E,E,V,L,L,L,V,L,L,V,0,18/04/1999
10,1042,E,V,E,V,L,L,L,L,E,V,L,V,L,L,0,11/04/1999
10,1041,L,V,V,E,L,V,V,V,L,V,V,L,E,V,0,04/04/1999
10,1040,V,V,L,L,L,L,E,E,L,V,V,V,V,L,0,28/03/1999
10,1039,V,V,L,L,L,V,L,L,V,V,V,E,L,L,0,21/03/1999
10,1038,V,L,E,E,E,E,E,E,V,V,V,V,E,L,0,14/03/1999
10,1037,L,E,E,V,V,E,L,L,L,V,V,L,V,L,0,07/03/1999
10,1036,V,L,V,V,V,L,V,L,E,V,E,L,E,L,0,28/02/1999
10,1035,V,L,V,E,E,V,L,V,L,E,E,V,L,L,0,21/02/1999
10,1034,E,V,E,L,V,L,L,L,E,L,L,V,E,V,0,14/02/1999
10,1033,L,V,V,L,L,V,L,V,E,E,L,L,E,V,0,07/02/1999
10,1032,L,L,L,V,E,L,L,L,V,L,V,E,L,V,0,31/01/1999
10,1031,L,L,L,L,E,L,E,V,E,L,L,L,V,E,0,24/01/1999
10,1030,V,V,V,V,E,E,E,V,V,L,V,L,L,L,0,17/01/1999
10,1029,L,L,E,L,V,E,E,L,E,E,L,V,E,L,0,10/01/1999
10,1028,L,L,L,V,L,L,V,E,L,E,L,V,L,L,0,03/01/1999
10,1027,V,L,L,V,E,L,L,V,V,L,L,E,L,E,0,20/12/1998
10,1026,L,E,V,V,L,E,L,V,E,L,L,E,E,V,0,13/12/1998
10,1025,L,E,L,E,E,V,L,V,V,E,L,E,E,L,0,06/12/1998
10,1024,V,V,L,L,E,L,L,E,L,L,E,E,V,V,0,29/11/1998
10,1023,E,E,V,L,L,E,L,L,E,L,L,V,L,L,0,22/11/1998
10,1022,L,L,L,E,L,V,E,L,L,L,L,E,L,L,0,15/11/1998
10,1021,V,E,E,V,V,V,L,L,E,L,L,V,E,E,0,08/11/1998
10,1020,V,L,L,L,V,E,E,V,E,E,L,E,L,L,0,01/11/1998
10,1019,E,V,L,V,L,V,V,L,V,E,L,V,L,L,0,25/10/1998
10,1018,L,E,V,E,L,L,V,E,E,L,V,V,L,L,0,18/10/1998
10,1017,L,L,V,V,V,E,L,L,E,L,L,L,E,V,0,11/10/1998
10,1016,E,E,V,E,V,L,L,L,L,L,V,L,E,V,0,04/10/1998
10,1015,E,L,E,L,V,E,V,E,E,E,L,L,L,V,0,27/09/1998
10,1014,L,E,L,V,L,V,V,V,E,E,L,L,E,E,0,20/09/1998
10,1013,E,L,E,L,L,V,V,E,V,L,V,E,L,V,0,13/09/1998
10,1012,L,L,V,E,E,L,E,E,L,L,V,L,V,L,0,06/09/1998
10,1011,L,L,L,E,L,V,L,V,V,L,L,V,E,V,0,30/08/1998
10,1010,L,L,V,L,L,V,E,L,E,V,L,E,L,V,0,23/08/1998
10,1009,V,L,L,L,L,V,L,L,E,E,V,L,V,E,0,16/08/1998
10,1008,V,E,L,E,V,L,V,V,E,E,L,L,E,V,0,09/08/1998
10,1007,L,V,L,L,L,L,V,L,V,L,E,E,E,V,0,02/08/1998
10,1006,L,L,L,E,L,L,L,L,L,V,V,V,E,L,0,27/07/1998
10,1005,E,V,L,L,V,E,L,E,L,V,E,L,V,V,0,12/07/1998
10,1004,E,V,E,V,L,L,L,V,V,E,L,L,E,V,0,25/06/1998
10,1003,E,E,V,L,E,E,V,V,V,L,L,L,L,L,0,15/06/1998
10,1001,L,V,E,L,L,V,V,E,L,L,V,V,L,E,0,17/05/1998
10,1000,E,L,L,E,L,L,E,E,L,E,E,L,L,L,0,10/05/1998
10,999,V,L,E,L,E,L,L,E,E,V,L,E,E,E,0,03/05/1998
10,998,L,E,E,V,V,L,L,L,E,L,L,E,L,L,0,26/04/1998
10,997,L,E,L,V,L,L,V,V,L,E,E,E,L,V,0,19/04/1998
10,996,V,L,L,V,V,L,V,E,V,E,L,V,E,L,0,12/04/1998
10,995,L,L,V,E,L,E,L,E,E,L,V,L,V,L,0,05/04/1998
10,994,L,L,L,L,L,L,V,L,L,L,E,V,E,E,0,29/03/1998
10,993,L,V,E,E,L,L,L,V,V,L,E,V,V,E,0,22/03/1998
10,992,E,L,L,V,V,L,E,L,V,V,V,E,L,V,0,15/03/1998
10,991,L,L,E,L,L,L,V,E,E,L,L,L,E,L,0,08/03/1998
10,990,V,L,E,V,V,L,V,E,V,E,E,L,V,L,0,01/03/1998
10,989,L,E,L,V,L,L,E,L,L,E,L,V,L,L,0,22/02/1998
10,988,E,L,E,E,E,E,E,L,L,L,E,V,V,E,0,15/02/1998
10,987,E,L,V,V,E,V,L,E,E,E,E,E,V,L,0,08/02/1998
10,986,E,V,V,V,L,V,L,L,E,E,E,L,E,V,0,01/02/1998
10,985,L,L,L,L,E,L,L,L,E,E,L,L,V,L,0,25/01/1998
10,984,L,E,L,L,V,E,L,V,E,L,L,L,L,V,0,18/01/1998
10,983,L,L,V,E,L,V,E,L,E,E,L,L,E,L,0,11/01/1998
10,982,L,E,L,V,V,L,E,V,L,L,V,E,L,E,0,04/01/1998
10,981,E,V,E,L,L,L,E,L,L,V,L,E,L,E,0,21/12/1997
10,980,V,V,E,E,E,L,L,V,V,E,V,V,V,L,0,14/12/1997
10,979,L,L,L,V,E,V,E,V,L,E,V,L,V,E,0,07/12/1997
10,978,L,L,E,E,E,L,L,E,E,E,V,V,V,L,0,30/11/1997
10,977,L,L,L,V,E,L,E,L,E,E,V,L,E,L,0,23/11/1997
10,976,E,L,E,E,L,L,L,E,L,L,V,E,L,E,0,16/11/1997
10,975,E,V,E,L,V,L,E,L,E,L,L,V,V,V,0,09/11/1997
10,974,E,L,V,V,L,V,E,E,L,V,V,L,L,E,0,02/11/1997
10,973,E,L,V,L,L,V,E,L,L,L,V,E,L,E,0,26/10/1997
10,972,V,E,L,V,V,V,V,V,E,V,E,V,V,L,0,19/10/1997
10,971,E,L,E,E,E,L,E,V,L,L,L,E,V,V,0,12/10/1997
10,970,L,L,V,E,V,L,E,E,V,V,E,E,L,E,0,05/10/1997
10,969,E,V,L,L,L,L,V,V,V,V,L,V,V,E,0,28/09/1997
10,968,V,L,L,L,L,E,L,E,V,V,L,E,V,E,0,21/09/1997
10,967,L,E,V,E,E,E,L,E,E,L,V,L,L,L,0,14/09/1997
10,966,V,L,V,E,E,L,L,L,E,L,E,V,E,E,0,07/09/1997
10,965,L,E,L,L,L,E,E,L,L,E,L,L,V,V,0,31/08/1997
10,964,L,V,L,V,L,L,L,L,E,E,E,L,V,L,0,24/08/1997
10,963,E,L,L,V,L,E,L,L,E,V,V,E,L,V,0,17/08/1997
10,962,V,E,L,E,E,V,L,E,L,L,V,L,E,L,0,10/08/1997
10,961,L,E,V,E,L,V,L,L,E,E,V,V,V,E,0,03/08/1997
10,960,E,L,V,L,L,L,E,E,V,L,L,E,V,V,0,27/07/1997
10,959,L,L,L,L,V,L,L,V,L,E,L,V,E,L,0,20/07/1997
10,957,V,E,V,V,L,E,L,L,L,V,E,L,V,L,0,22/06/1997
10,956,L,V,L,L,L,L,L,L,L,L,L,E,V,E,0,15/06/1997
10,955,V,E,E,L,E,L,E,E,V,V,V,L,L,L,0,08/06/1997
10,954,L,V,V,V,L,L,E,V,V,L,L,V,V,L,0,01/06/1997
10,953,L,L,L,L,V,L,E,E,L,V,L,L,L,L,0,25/05/1997
10,952,V,L,V,V,L,E,V,V,E,L,V,L,L,E,0,18/05/1997
10,951,L,L,L,L,L,L,L,L,L,V,L,V,L,V,0,11/05/1997
10,950,L,L,V,L,L,L,E,L,V,L,E,V,E,E,0,04/05/1997
10,949,V,E,L,E,E,V,L,L,L,E,L,L,V,E,0,27/04/1997
10,948,E,L,V,L,V,L,L,L,L,V,V,V,V,L,0,20/04/1997
10,947,L,L,E,E,E,V,V,L,L,V,E,L,E,V,0,13/04/1997
10,946,V,L,E,L,L,V,E,L,L,L,L,L,E,V,0,06/04/1997
10,945,E,E,L,L,L,V,L,E,E,E,E,E,E,V,0,30/03/1997
10,944,L,E,L,L,L,L,L,L,L,E,V,V,E,E,0,23/03/1997
10,943,E,E,V,L,L,L,V,L,L,E,L,V,L,L,0,16/03/1997
10,942,L,V,V,E,E,L,L,L,L,E,E,L,E,L,0,09/03/1997
10,941,L,L,V,E,L,E,E,L,L,L,L,E,L,E,0,02/03/1997
10,940,L,L,V,V,L,L,L,L,L,L,L,E,E,L,0,23/02/1997
10,939,E,V,E,E,V,V,L,V,E,E,E,E,L,E,0,16/02/1997
10,938,L,L,L,L,E,L,E,V,L,L,L,V,L,E,0,09/02/1997
10,937,E,L,L,E,L,L,L,L,E,V,L,L,V,L,0,02/02/1997
10,936,E,L,L,L,E,L,L,L,L,V,L,V,L,L,0,26/01/1997
10,935,L,V,V,V,V,V,L,E,E,E,V,V,E,L,0,19/01/1997
10,934,E,L,L,E,E,L,L,E,V,L,V,E,L,E,0,12/01/1997
10,933,V,V,E,V,L,V,V,L,L,L,L,L,V,L,0,05/01/1997
10,932,L,L,E,V,V,V,L,V,E,V,L,E,L,L,0,22/12/1996
10,931,L,V,E,L,E,E,V,L,E,L,E,V,L,L,0,15/12/1996
10,930,V,L,L,E,L,E,L,E,V,V,V,E,E,L,0,08/12/1996
10,929,V,V,V,V,L,L,L,E,E,L,V,E,L,E,0,01/12/1996
10,928,V,L,V,L,V,E,E,L,L,L,E,L,E,E,0,24/11/1996
10,927,L,L,L,L,E,L,V,E,L,L,E,E,E,E,0,17/11/1996
10,926,E,L,L,E,L,V,E,V,V,V,E,L,E,L,0,10/11/1996
10,925,L,V,L,L,V,L,L,V,L,L,V,L,V,E,0,03/11/1996
10,924,E,V,V,E,L,V,E,V,E,E,V,E,L,E,0,27/10/1996
10,923,V,L,L,E,L,E,V,L,V,E,E,L,L,L,0,20/10/1996
10,922,V,V,L,L,L,V,V,L,L,E,L,E,V,L,0,13/10/1996
10,921,E,L,E,E,V,L,L,E,L,E,E,V,E,E,0,06/10/1996
10,920,L,L,L,E,L,L,V,L,L,V,L,L,V,V,0,29/09/1996
10,919,L,L,V,E,L,V,L,V,L,L,V,V,E,V,0,22/09/1996
10,918,V,L,E,E,V,V,L,L,L,L,L,V,E,E,0,15/09/1996
10,917,E,E,V,L,V,E,V,E,L,V,V,E,L,L,0,08/09/1996
10,916,E,E,L,L,E,E,L,L,E,L,L,L,E,V,0,01/09/1996
10,915,L,V,E,L,L,L,E,L,L,L,L,L,E,E,0,25/08/1996
10,914,V,L,E,V,E,L,V,V,L,V,E,V,V,L,0,18/08/1996
10,913,V,L,L,E,L,E,E,L,L,L,L,V,L,E,0,11/08/1996
10,911,E,L,V,L,V,E,V,E,V,V,L,L,L,E,0,28/07/1996
10,910,L,V,V,L,E,L,L,L,V,E,V,L,V,E,0,21/07/1996
10,909,L,V,E,V,L,V,V,V,V,V,V,V,L,V,0,14/07/1996
10,908,V,V,E,L,V,L,E,L,V,L,V,E,L,L,0,07/07/1996
10,907,V,V,L,L,V,V,V,V,V,L,E,E,V,L,0,30/06/1996
10,906,E,E,L,L,E,V,E,V,L,L,E,V,V,L,0,23/06/1996
10,905,E,V,E,V,L,E,E,V,L,L,E,L,L,V,0,16/06/1996
10,904,L,E,E,L,E,E,L,V,L,L,E,V,L,E,0,09/06/1996
10,903,L,V,E,E,L,E,L,L,V,V,L,E,V,E,0,02/06/1996
10,902,E,E,L,E,V,V,L,L,V,L,L,V,L,L,0,26/05/1996
10,901,L,L,L,E,L,L,L,L,E,E,L,E,L,V,0,19/05/1996
10,900,L,V,L,V,L,L,V,V,V,L,V,L,V,L,0,12/05/1996
10,899,E,E,V,V,L,V,L,E,E,V,L,L,L,V,0,05/05/1996
10,898,L,E,V,E,V,V,E,L,L,E,V,L,E,L,0,28/04/1996
10,897,L,L,L,L,V,V,V,L,L,V,V,L,V,V,0,21/04/1996
10,896,E,L,L,E,E,V,E,L,E,L,L,L,V,E,0,14/04/1996
10,895,V,L,V,L,L,V,V,V,E,E,V,E,L,E,0,07/04/1996
10,894,L,L,E,L,E,L,V,V,E,V,V,L,L,E,0,31/03/1996
10,893,V,V,E,E,E,L,V,V,V,L,E,L,V,V,0,24/03/1996
10,892,V,L,L,L,L,L,V,V,V,L,V,V,L,V,0,17/03/1996
10,891,E,E,V,L,E,L,V,L,L,L,L,E,L,L,0,10/03/1996
10,890,L,L,L,V,E,V,E,L,L,V,L,L,E,E,0,03/03/1996
10,889,L,L,V,V,E,V,L,L,L,L,L,E,E,E,0,25/02/1996
10,888,L,L,E,V,E,L,V,V,E,E,E,V,V,L,0,18/02/1996
10,887,V,V,E,L,E,L,L,E,E,V,V,L,L,L,0,11/02/1996
10,886,V,E,E,L,L,L,E,V,V,L,V,L,V,V,0,04/02/1996
10,885,V,L,L,L,V,V,E,V,L,V,L,V,V,E,0,28/01/1996
10,884,L,L,V,L,E,E,E,E,L,L,L,E,E,L,0,21/01/1996
10,883,L,E,E,L,E,L,E,V,V,L,V,L,L,L,0,14/01/1996
10,882,V,E,E,E,V,V,V,V,L,E,L,V,E,E,0,07/01/1996
10,881,L,V,E,E,E,E,L,V,V,E,E,L,E,L,0,31/12/1995
10,880,L,V,E,V,E,L,V,E,V,L,E,L,E,E,0,24/12/1995
10,879,E,L,V,L,E,L,L,L,L,E,V,V,V,V,0,17/12/1995
10,878,V,E,L,L,V,L,L,E,L,E,L,E,L,L,0,10/12/1995
10,877,L,E,L,L,E,L,L,E,V,E,L,E,L,V,0,03/12/1995
10,876,L,V,V,E,L,L,V,V,V,L,E,V,E,E,0,26/11/1995
10,875,E,L,E,E,E,E,V,L,E,E,V,V,E,L,0,19/11/1995
10,874,V,V,L,V,L,V,L,L,E,L,L,L,L,L,0,12/11/1995
10,873,L,E,L,V,V,E,L,E,E,V,L,E,V,V,0,05/11/1995
10,872,L,V,L,V,E,E,L,E,L,L,V,V,E,E,0,29/10/1995
10,871,E,V,L,L,V,L,E,E,V,V,V,E,V,V,0,22/10/1995
10,870,L,E,E,V,E,L,V,L,L,V,V,V,L,L,0,15/10/1995
10,869,E,L,E,E,L,L,L,V,V,E,L,E,V,V,0,08/10/1995
10,868,L,E,L,V,E,V,V,L,E,E,E,V,E,E,0,01/10/1995
10,867,E,L,E,L,V,E,V,L,E,E,V,E,V,E,0,24/09/1995
10,866,E,V,E,V,E,L,V,L,E,L,L,V,L,E,0,17/09/1995
10,865,L,E,E,E,E,L,L,V,V,L,L,V,E,L,0,10/09/1995
10,864,E,L,L,V,L,E,V,E,L,E,L,L,L,L,0,03/09/1995
10,863,E,L,L,V,E,E,L,E,L,L,L,L,L,V,0,27/08/1995
10,862,L,E,E,E,L,L,L,E,V,L,V,V,V,V,0,25/06/1995
10,861,L,L,V,V,V,V,V,V,L,E,L,E,E,L,0,18/06/1995
10,860,L,L,L,V,V,V,L,V,E,L,L,L,L,V,0,11/06/1995
10,859,V,L,L,V,L,L,L,V,V,L,V,V,L,E,0,04/06/1995
10,858,L,E,L,L,L,V,L,L,E,L,L,E,V,V,0,28/05/1995
10,857,E,E,E,L,V,E,V,L,L,E,L,V,L,E,0,21/05/1995
10,856,L,L,L,L,E,V,L,L,L,E,L,L,L,V,0,14/05/1995
10,855,L,E,L,L,L,E,V,L,L,V,L,L,V,L,0,07/05/1995
10,854,L,V,L,E,L,E,L,V,E,L,E,E,V,L,0,30/04/1995
10,853,E,L,L,V,V,V,V,E,L,E,L,L,L,E,0,23/04/1995
10,852,L,V,E,V,V,L,L,V,E,L,E,V,L,V,0,16/04/1995
10,851,V,L,V,E,L,E,L,L,E,L,L,V,E,E,0,09/04/1995
10,850,V,V,E,E,V,V,E,E,E,E,V,E,L,V,0,02/04/1995
10,849,L,E,L,V,E,E,V,L,L,V,V,E,V,E,0,26/03/1995
10,848,L,L,L,V,L,L,E,E,L,V,L,V,L,V,0,19/03/1995
10,847,L,V,L,V,L,E,V,E,L,L,V,L,V,E,0,12/03/1995
10,846,V,E,E,E,V,E,V,V,L,E,E,E,L,V,0,05/03/1995
10,845,E,V,E,L,L,V,V,E,V,E,E,E,E,L,0,26/02/1995
10,844,V,E,V,V,L,L,V,L,V,L,L,E,E,L,0,19/02/1995
10,843,E,E,V,V,L,L,V,V,E,L,V,L,L,L,0,12/02/1995
10,842,E,E,E,L,V,L,L,L,L,E,L,V,E,E,0,05/02/1995
10,841,E,L,L,L,E,L,E,V,L,L,L,L,L,L,0,29/01/1995
10,840,L,E,L,L,V,L,L,V,L,L,E,L,E,V,0,22/01/1995
10,839,L,L,L,V,L,L,L,E,L,E,E,L,E,E,0,15/01/1995
10,838,E,E,L,L,L,V,V,E,E,L,E,E,V,V,0,08/01/1995
10,837,E,E,V,L,L,V,L,V,E,L,V,L,L,E,0,01/01/1995
10,836,L,L,E,L,V,L,L,E,V,L,V,E,E,E,0,25/12/1994
10,835,V,L,L,V,E,V,L,V,L,L,V,E,E,E,0,18/12/1994
10,834,V,V,V,V,L,E,E,E,L,E,E,E,L,L,0,11/12/1994
10,833,E,E,E,E,L,L,L,E,V,L,E,V,E,L,0,04/12/1994
10,832,E,E,E,L,E,L,L,L,E,E,L,L,E,L,0,27/11/1994
10,831,L,E,E,L,L,L,L,V,V,E,V,V,V,E,0,20/11/1994
10,830,L,L,V,L,E,L,V,L,L,L,L,L,V,E,0,13/11/1994
10,829,L,E,V,E,E,E,V,L,L,L,V,E,L,L,0,06/11/1994
10,828,E,E,L,E,E,E,L,V,L,E,L,E,L,V,0,30/10/1994
10,827,L,L,L,E,L,E,L,E,L,E,E,L,E,L,0,23/10/1994
10,826,E,L,E,L,E,L,L,V,V,V,E,L,L,E,0,16/10/1994
10,825,L,L,L,E,L,V,L,E,V,L,L,V,L,E,0,09/10/1994
10,824,L,L,E,V,E,L,E,E,V,V,V,E,E,L,0,02/10/1994
10,823,L,V,L,E,V,L,L,L,L,L,L,L,V,L,0,25/09/1994
10,822,V,E,L,L,E,L,L,E,L,V,E,V,L,E,0,18/09/1994
10,821,L,E,L,L,L,V,E,L,L,L,L,L,L,E,0,11/09/1994
10,820,V,L,L,V,L,L,V,L,L,L,V,E,L,L,0,04/09/1994
10,819,E,L,E,L,E,L,V,E,V,L,V,E,E,E,0,28/08/1994
10,818,L,E,V,V,V,L,E,L,E,V,V,V,V,E,0,21/08/1994
10,817,E,E,V,E,L,L,E,E,L,L,L,V,E,L,0,14/08/1994
10,816,V,L,L,E,V,L,E,E,L,E,V,V,E,L,0,07/08/1994
10,815,L,E,E,L,E,V,E,L,E,V,E,V,E,V,0,31/07/1994
10,814,L,L,L,E,E,E,L,L,E,V,E,V,E,E,0,24/07/1994
10,813,E,L,V,V,L,L,E,L,E,L,L,L,E,E,0,17/07/1994
10,812,L,V,E,L,E,E,L,V,L,V,L,L,E,L,0,10/07/1994
10,811,L,L,V,L,L,V,V,V,L,E,L,E,E,V,0,03/07/1994
10,810,E,E,L,V,E,L,L,V,L,L,L,V,V,V,0,30/06/1994
10,809,L,L,E,V,L,E,E,L,L,E,V,L,L,L,0,12/06/1994
10,808,L,L,L,L,E,L,E,V,L,E,L,E,V,E,0,05/06/1994
10,807,L,E,L,E,L,L,E,L,L,E,V,L,E,E,0,29/05/1994
10,806,V,E,E,L,L,V,E,L,E,L,V,L,L,L,0,22/05/1994
10,805,L,E,L,E,L,L,E,V,L,L,L,V,L,V,0,15/05/1994
10,804,V,E,V,V,E,L,V,L,L,L,L,L,L,V,0,08/05/1994
10,803,L,L,L,L,E,V,L,E,L,E,L,E,L,V,0,01/05/1994
10,802,L,L,L,L,E,V,L,V,L,L,V,E,E,L,0,24/04/1994
10,801,V,V,V,E,V,L,L,L,L,L,E,L,V,E,0,17/04/1994
10,800,L,V,L,L,E,V,V,V,V,V,E,L,E,E,0,10/04/1994
10,799,V,L,V,L,L,E,L,L,L,L,L,E,V,V,0,03/04/1994
10,798,V,V,L,L,E,L,L,E,E,L,V,E,E,L,0,27/03/1994
10,797,V,L,L,V,L,V,E,V,L,L,L,L,V,L,0,20/03/1994
10,796,L,E,L,L,E,L,L,V,V,L,E,E,L,E,0,13/03/1994
10,795,V,E,V,E,L,V,V,E,L,L,V,V,E,E,0,06/03/1994
10,794,L,E,E,V,V,L,L,L,E,E,V,L,V,E,0,27/02/1994
10,793,E,L,L,E,L,E,E,V,V,E,V,L,L,V,0,20/02/1994
10,792,E,L,E,E,L,L,V,L,E,V,E,V,V,L,0,13/02/1994
10,791,E,L,E,L,E,V,L,E,L,L,V,V,E,V,0,06/02/1994
10,790,E,E,V,L,E,V,E,L,L,E,L,E,V,E,0,30/01/1994
10,789,V,L,E,E,V,L,E,E,E,E,E,V,E,L,0,23/01/1994
10,788,E,E,L,L,E,L,L,L,E,L,L,E,L,L,0,16/01/1994
10,787,E,E,E,V,E,V,E,V,L,L,L,V,V,E,0,09/01/1994
10,786,L,L,E,E,L,L,E,V,L,E,E,L,L,V,0,02/01/1994
10,785,L,L,L,V,E,L,E,L,L,E,V,E,L,E,0,19/12/1993
10,784,E,L,L,E,L,L,L,L,L,L,L,V,L,L,0,12/12/1993
10,783,E,E,L,V,E,E,V,E,L,V,L,L,E,V,0,05/12/1993
10,782,L,L,L,E,L,L,L,E,E,V,L,E,L,V,0,28/11/1993
10,781,L,L,V,E,E,V,V,L,E,E,V,E,L,L,0,21/11/1993
10,780,E,L,V,E,V,V,L,V,L,E,L,E,E,E,0,14/11/1993
10,779,E,E,L,L,V,E,V,L,E,V,L,E,L,V,0,07/11/1993
10,778,E,V,E,L,E,L,L,E,L,V,L,V,E,V,0,31/10/1993
10,777,E,E,V,L,E,L,L,L,E,L,E,E,E,V,0,24/10/1993
10,776,L,L,E,V,L,V,E,V,L,E,V,E,E,E,0,17/10/1993
10,775,L,V,E,L,L,L,L,V,V,V,L,E,L,E,0,10/10/1993
10,774,E,V,L,L,V,E,E,L,E,E,V,E,V,E,0,03/10/1993
10,773,E,V,L,E,L,L,V,L,E,E,L,L,E,E,0,26/09/1993
10,772,E,E,V,L,V,V,E,E,L,E,L,E,L,V,0,19/09/1993
10,771,L,E,E,L,L,L,L,V,L,E,E,L,L,E,0,12/09/1993
10,770,V,E,L,E,L,E,E,L,E,L,L,E,V,V,0,05/09/1993
10,769,L,V,L,L,L,L,L,L,L,V,L,L,V,L,0,29/08/1993
10,768,V,E,L,V,L,L,L,V,V,V,L,E,E,E,0,22/08/1993
10,767,E,L,V,V,L,V,L,V,E,E,E,L,E,L,0,15/08/1993
