NPRODUCTO,CONCURSO,R1,R2,R3,R4,R5,R6,R7,R8,R9,FECHA
25,811,E,L,E,V,E,L,V,E,L,03/09/2026
25,810,L,L,L,L,L,E,V,V,E,27/08/2026
25,809,E,V,E,V,E,L,V,V,V,21/08/2026
25,808,V,E,V,L,E,L,V,V,E,14/08/2026
25,807,L,L,L,E,V,E,L,L,L,07/08/2026
25,806,L,V,E,V,L,L,E,V,V,31/07/2026
25,805,L,V,V,V,E,L,L,V,L,23/07/2026
25,804,V,V,L,L,L,L,E,V,L,17/07/2026
25,803,L,E,L,L,V,V,V,L,V,10/07/2026
25,802,L,V,E,L,L,L,L,E,E,03/07/2026
25,801,V,L,L,E,L,V,E,V,E,27/06/2026
25,800,L,L,L,L,E,L,L,V,V,20/06/2026
25,799,L,L,E,L,E,L,E,L,L,15/06/2026
25,798,L,L,V,E,E,V,L,L,E,05/06/2026
25,797,L,L,L,E,L,V,V,E,V,29/05/2026
25,796,E,V,L,L,L,E,L,E,E,22/05/2026
25,795,L,E,L,E,E,V,V,V,L,15/05/2026
25,794,L,L,L,E,L,V,E,L,E,07/05/2026
25,793,V,L,L,E,L,L,L,V,L,30/04/2026
25,792,E,L,L,V,E,L,L,E,L,23/04/2026
25,791,E,V,V,L,V,V,L,L,L,16/04/2026
25,790,E,E,L,L,L,V,V,V,L,09/04/2026
25,789,E,V,L,E,L,L,E,L,E,01/04/2026
25,788,V,V,V,L,V,E,L,V,E,27/03/2026
25,787,L,V,E,E,L,V,V,L,L,19/03/2026
25,786,L,V,V,L,L,V,E,L,L,13/03/2026
25,785,L,V,L,V,L,L,L,V,E,05/03/2026
25,784,L,L,L,E,V,V,E,L,L,26/02/2026
25,783,V,V,L,E,V,V,V,L,E,20/02/2026
25,782,V,V,L,E,L,V,E,L,V,13/02/2026
25,781,E,V,L,V,V,V,L,V,E,06/02/2026
25,780,E,V,L,V,L,V,V,L,E,29/01/2026
25,779,V,V,L,L,L,V,L,E,V,23/01/2026
25,778,L,V,L,L,V,V,V,L,V,15/01/2026
25,777,L,E,L,E,V,E,V,E,V,09/01/2026
25,776,V,L,E,L,V,L,L,E,V,02/01/2026
25,775,L,E,L,V,V,E,V,L,V,26/12/2025
25,774,L,V,E,L,L,V,L,E,V,18/12/2025
25,773,V,L,L,V,V,V,E,L,V,10/12/2025
25,772,L,E,L,V,V,E,V,L,V,05/12/2025
25,771,V,L,E,L,L,L,L,L,V,28/11/2025
25,770,V,L,L,L,E,E,L,L,E,21/11/2025
25,769,E,L,E,V,L,E,L,L,V,14/11/2025
25,768,E,L,E,V,V,V,E,L,V,05/11/2025
25,767,E,V,E,E,V,L,L,L,E,30/10/2025
25,766,L,E,E,L,L,V,L,E,V,23/10/2025
25,765,E,E,E,V,L,E,V,L,V,16/10/2025
25,764,E,L,L,V,E,L,V,V,E,10/10/2025
25,763,V,L,V,E,V,E,L,L,E,02/10/2025
25,762,E,L,L,E,E,L,L,V,L,25/09/2025
25,761,E,E,L,V,L,L,L,L,V,18/09/2025
25,760,E,L,L,L,E,V,V,L,L,10/09/2025
25,759,E,V,E,V,V,V,E,V,E,05/09/2025
25,758,L,V,E,E,V,V,E,L,L,28/08/2025
25,757,L,E,L,V,E,E,L,L,V,21/08/2025
25,756,E,E,E,L,V,E,V,L,L,15/08/2025
25,755,L,L,V,V,L,L,E,V,E,08/08/2025
25,754,E,E,L,L,E,E,V,V,V,01/08/2025
25,753,L,V,L,L,V,E,V,V,E,25/07/2025
25,752,L,V,L,V,L,V,V,V,V,18/07/2025
25,751,V,L,V,L,V,V,V,V,V,11/07/2025
25,750,L,L,L,V,V,L,E,E,V,04/07/2025
25,749,L,L,E,L,V,V,V,L,V,27/06/2025
25,748,V,V,V,E,V,L,V,V,L,20/06/2025
25,747,L,L,E,E,E,L,V,E,V,13/06/2025
25,746,E,V,L,E,L,V,L,L,L,06/06/2025
25,745,V,L,L,L,L,L,E,L,L,30/05/2025
25,744,E,V,L,L,L,V,E,E,V,23/05/2025
25,743,E,L,L,E,V,V,V,E,L,16/05/2025
25,742,L,E,V,E,E,L,L,L,V,09/05/2025
25,741,V,L,V,E,V,L,V,L,L,02/05/2025
25,740,E,L,L,L,E,V,L,E,V,25/04/2025
25,739,E,L,E,L,V,V,L,V,L,17/04/2025
25,738,L,L,L,L,E,L,V,E,E,11/04/2025
25,737,E,E,E,L,V,E,L,V,L,03/04/2025
25,736,E,L,E,L,E,E,V,L,L,27/03/2025
25,735,V,V,L,L,E,L,L,V,V,21/03/2025
25,734,L,L,E,V,V,V,L,L,L,14/03/2025
25,733,L,V,V,V,L,V,L,E,L,06/03/2025
25,732,V,L,L,L,L,L,E,V,V,27/02/2025
25,731,V,E,V,E,L,L,L,V,L,20/02/2025
25,730,V,L,V,L,L,V,V,L,E,13/02/2025
25,729,V,V,L,L,L,L,L,E,E,07/02/2025
25,728,L,V,L,L,V,E,V,L,E,30/01/2025
25,727,V,L,V,L,E,L,L,L,L,22/01/2025
25,726,E,E,V,E,L,E,V,E,L,17/01/2025
25,725,V,V,L,L,V,L,E,L,V,10/01/2025
25,724,V,L,E,V,L,V,E,L,L,03/01/2025
25,723,L,L,V,L,E,V,E,V,V,26/12/2024
25,722,L,L,E,V,L,L,E,E,E,19/12/2024
25,721,L,V,V,L,L,L,V,V,L,13/12/2024
25,720,E,L,L,L,L,L,L,L,L,06/12/2024
25,719,L,L,L,L,L,V,V,E,L,29/11/2024
25,718,L,V,E,V,E,V,L,E,E,22/11/2024
25,717,E,L,L,V,V,V,V,V,V,15/11/2024
25,716,V,E,L,L,E,L,E,E,L,07/11/2024
25,715,E,L,V,L,V,L,L,V,V,01/11/2024
25,714,E,L,L,L,L,E,E,E,L,24/10/2024
25,713,L,L,L,E,L,V,E,V,V,18/10/2024
25,712,L,E,E,V,V,E,L,E,E,11/10/2024
25,711,L,L,E,V,V,L,L,V,V,02/10/2024
25,710,E,V,E,E,L,E,L,E,E,27/09/2024
25,709,L,E,L,L,L,L,E,L,L,19/09/2024
25,708,E,L,V,L,E,L,V,L,E,13/09/2024
25,707,L,L,L,L,V,E,V,E,E,06/09/2024
25,706,L,E,L,E,V,V,L,L,E,30/08/2024
25,705,L,V,L,V,L,E,L,V,L,23/08/2024
25,704,L,E,L,E,L,V,E,E,E,15/08/2024
25,703,V,V,V,E,V,L,V,L,E,08/08/2024
25,702,V,L,V,V,E,V,E,L,L,02/08/2024
25,701,L,L,L,V,L,L,V,L,E,26/07/2024
25,700,V,L,E,L,L,V,L,L,V,18/07/2024
25,699,L,V,L,V,V,V,L,L,V,12/07/2024
25,698,V,E,E,E,L,E,V,V,V,05/07/2024
25,697,L,V,V,L,L,E,E,E,V,28/06/2024
25,696,L,L,E,E,E,L,V,V,E,21/06/2024
25,695,L,L,E,E,L,L,E,E,E,14/06/2024
25,694,V,E,L,L,L,L,L,E,E,07/06/2024
25,693,E,E,L,L,V,E,L,L,E,30/05/2024
25,692,E,L,L,V,L,E,E,L,L,24/05/2024
25,691,E,V,L,V,L,V,L,V,E,17/05/2024
25,690,E,V,L,V,V,L,L,V,V,10/05/2024
25,689,L,V,E,E,E,L,E,V,L,03/05/2024
25,688,E,L,V,E,L,L,V,V,V,25/04/2024
25,687,V,L,E,L,L,V,E,L,L,19/04/2024
25,686,E,L,E,E,L,V,V,L,V,12/04/2024
25,685,E,V,V,V,V,E,L,L,L,05/04/2024
25,684,E,L,L,V,L,E,L,L,E,27/03/2024
25,683,E,V,E,E,V,L,V,V,L,22/03/2024
25,682,L,L,L,L,L,L,L,V,L,15/03/2024
25,681,E,E,V,V,E,L,V,E,L,08/03/2024
25,680,L,E,L,L,V,L,L,L,V,01/03/2024
25,679,E,V,L,L,V,L,E,L,E,22/02/2024
25,678,E,V,E,L,L,E,E,V,E,16/02/2024
25,677,L,V,L,V,V,E,V,V,L,09/02/2024
25,676,L,E,L,L,L,E,V,L,V,02/02/2024
25,675,V,E,V,V,E,L,L,E,V,26/01/2024
25,674,V,V,E,V,E,L,E,V,E,19/01/2024
25,673,E,L,L,V,E,E,L,V,L,12/01/2024
25,672,L,L,L,L,V,V,E,E,L,04/01/2024
25,671,L,V,L,V,L,V,E,L,V,28/12/2023
25,670,V,E,L,E,E,E,L,V,E,21/12/2023
25,669,E,V,L,E,V,L,E,L,V,15/12/2023
25,668,V,V,L,L,L,V,L,L,L,08/12/2023
25,667,E,L,E,L,V,V,E,E,V,01/12/2023
25,666,L,V,L,L,V,L,L,V,E,24/11/2023
25,665,L,V,L,E,V,L,E,E,E,17/11/2023
25,664,L,L,L,L,L,V,V,L,V,09/11/2023
25,663,V,V,E,V,L,V,L,L,L,03/11/2023
25,662,E,L,L,V,E,V,L,L,V,26/10/2023
25,661,E,L,L,L,E,L,V,L,L,20/10/2023
25,660,E,V,L,L,V,V,V,V,V,13/10/2023
25,659,E,L,V,L,L,E,E,L,V,05/10/2023
25,658,E,V,V,E,E,L,V,L,L,29/09/2023
25,657,V,L,E,L,V,L,L,V,E,21/09/2023
25,656,E,L,V,L,L,E,V,L,L,14/09/2023
25,655,L,E,L,E,L,L,V,V,V,08/09/2023
25,654,L,V,L,E,V,L,L,V,V,01/09/2023
25,653,L,L,L,L,L,L,L,V,E,24/08/2023
25,652,E,L,L,L,E,L,L,V,L,18/08/2023
25,651,E,L,E,L,L,E,L,V,V,11/08/2023
25,650,E,L,L,L,E,V,L,L,V,04/08/2023
25,649,L,E,V,V,L,V,V,V,L,28/07/2023
25,648,L,V,L,V,V,L,V,L,E,21/07/2023
25,647,E,L,E,L,E,L,V,L,V,14/07/2023
25,646,E,E,L,E,E,E,E,L,L,06/07/2023
25,645,V,L,E,E,L,L,V,L,V,30/06/2023
25,644,E,L,L,E,L,E,L,E,L,23/06/2023
25,643,L,V,E,L,L,L,L,L,V,16/06/2023
25,642,L,V,L,E,L,L,L,E,E,08/06/2023
25,641,L,E,V,L,L,E,L,V,V,02/06/2023
25,640,E,L,L,E,L,V,V,L,E,26/05/2023
25,639,E,V,V,L,L,E,E,V,V,19/05/2023
25,638,E,V,L,L,E,V,E,L,L,12/05/2023
25,637,L,L,L,E,V,L,E,L,V,04/05/2023
25,636,L,E,E,V,V,L,E,L,E,27/04/2023
25,635,E,L,E,V,E,E,L,L,E,21/04/2023
25,634,L,V,L,L,L,L,E,E,E,14/04/2023
25,633,V,E,V,L,V,L,E,L,V,05/04/2023
25,632,E,V,L,L,L,E,L,V,V,31/03/2023
25,631,V,V,L,L,L,V,E,E,V,24/03/2023
25,630,L,E,L,L,V,V,E,E,L,16/03/2023
25,629,E,L,E,L,E,L,E,L,L,10/03/2023
25,628,L,L,E,E,L,L,V,V,L,03/03/2023
25,627,L,V,V,V,E,L,V,L,L,24/02/2023
25,626,E,L,V,L,L,L,V,L,E,16/02/2023
25,625,V,V,E,V,L,E,L,E,V,10/02/2023
25,624,E,L,V,V,L,L,L,L,L,03/02/2023
25,623,E,L,L,L,L,V,V,E,L,27/01/2023
25,622,V,V,E,V,V,V,V,V,L,20/01/2023
25,621,L,V,E,L,E,E,E,E,L,13/01/2023
25,620,E,V,V,E,V,L,L,V,L,05/01/2023
25,619,V,E,V,E,E,V,E,E,E,29/12/2022
25,618,E,L,E,V,V,L,L,E,L,23/12/2022
25,617,E,L,V,L,L,L,E,E,V,18/12/2022
25,616,L,L,E,E,E,E,E,L,L,16/12/2022
25,615,E,E,L,V,L,V,V,V,L,12/12/2022
25,614,L,L,L,L,E,L,E,L,V,06/12/2022
25,613,V,V,V,V,E,V,V,L,V,02/12/2022
25,612,L,L,E,L,L,V,V,E,E,25/11/2022
25,611,V,V,L,L,V,L,L,E,V,18/11/2022
25,610,L,L,V,V,L,L,E,L,L,10/11/2022
25,609,L,V,L,V,V,V,V,L,V,03/11/2022
25,608,V,V,E,L,E,L,V,V,L,28/10/2022
25,607,L,L,L,L,E,L,L,L,E,21/10/2022
25,606,V,E,L,L,E,V,V,E,V,14/10/2022
25,605,V,L,L,L,E,L,L,V,E,05/10/2022
25,604,V,E,L,V,V,V,L,E,V,29/09/2022
25,603,L,E,V,L,V,L,L,E,L,23/09/2022
25,602,V,E,L,L,L,V,L,L,E,15/09/2022
25,601,L,L,L,L,E,L,L,L,V,08/09/2022
25,600,V,E,E,L,V,L,V,E,E,02/09/2022
25,599,L,V,E,L,V,V,E,L,V,26/08/2022
25,598,V,E,E,E,V,V,L,L,L,19/08/2022
25,597,L,L,E,E,L,V,E,V,E,12/08/2022
25,596,E,E,L,L,E,V,E,V,E,05/08/2022
25,595,E,V,L,V,E,V,E,L,E,28/07/2022
25,594,V,E,V,E,E,L,E,E,L,22/07/2022
25,593,L,L,V,L,V,L,L,L,L,15/07/2022
25,592,V,V,E,V,V,E,E,V,E,08/07/2022
25,591,L,L,E,V,E,L,L,V,E,30/06/2022
25,590,L,V,E,V,L,L,L,E,V,23/06/2022
25,589,E,E,E,V,V,V,L,L,L,15/06/2022
25,588,V,E,L,V,L,V,V,E,V,10/06/2022
25,587,V,V,L,V,E,L,V,V,V,03/06/2022
25,586,L,L,L,L,V,V,L,E,V,27/05/2022
25,585,E,L,E,L,E,E,V,E,V,20/05/2022
25,584,E,V,V,E,E,V,E,L,E,13/05/2022
25,583,L,V,L,L,L,L,V,E,L,05/05/2022
25,582,E,L,L,L,V,E,L,E,V,28/04/2022
25,581,L,L,V,L,L,L,L,E,V,22/04/2022
25,580,V,V,E,V,V,L,E,E,V,14/04/2022
25,579,E,L,L,L,V,V,L,L,L,08/04/2022
25,578,L,L,L,L,V,E,L,E,V,31/03/2022
25,577,E,E,L,E,L,L,L,L,L,25/03/2022
25,576,V,V,V,V,E,L,E,E,L,18/03/2022
25,575,V,L,V,V,L,L,L,L,L,10/03/2022
25,574,V,E,E,E,E,V,E,E,L,03/03/2022
25,573,L,E,E,E,E,V,E,V,L,25/02/2022
25,572,L,L,V,V,V,E,L,E,E,17/02/2022
25,571,E,E,L,L,E,E,V,L,L,10/02/2022
25,570,L,V,V,V,L,E,V,L,V,03/02/2022
25,569,V,V,L,E,V,V,E,V,E,28/01/2022
25,568,E,V,E,E,L,E,L,V,V,21/01/2022
25,567,V,L,E,V,V,E,V,V,E,15/01/2022
25,566,V,L,E,V,V,V,L,L,E,10/01/2022
25,565,L,E,L,V,L,L,L,V,L,30/12/2021
25,564,E,V,V,E,E,E,V,V,L,23/12/2021
25,563,E,V,L,E,L,V,E,V,L,17/12/2021
25,562,E,L,L,V,V,V,L,L,L,10/12/2021
25,561,V,L,V,V,E,L,E,L,L,03/12/2021
25,560,E,E,L,L,E,L,L,L,V,26/11/2021
25,559,L,E,L,V,E,E,V,V,V,17/11/2021
25,558,V,L,E,V,V,E,E,V,L,12/11/2021
25,557,E,V,V,L,V,E,V,E,E,05/11/2021
25,556,V,L,V,E,E,E,L,L,L,29/10/2021
25,555,L,L,L,E,E,L,E,L,V,21/10/2021
25,554,V,L,V,L,E,L,L,V,E,15/10/2021
25,553,E,E,L,V,V,E,E,L,E,08/10/2021
25,552,L,L,L,E,V,L,L,V,L,30/09/2021
25,551,L,L,L,L,E,L,E,E,V,24/09/2021
25,550,L,V,V,V,E,L,V,V,E,17/09/2021
25,549,E,E,V,L,L,V,L,L,E,09/09/2021
25,548,L,E,E,V,L,E,V,E,E,03/09/2021
25,547,E,E,L,V,V,V,E,V,L,27/08/2021
25,546,E,L,L,E,E,E,V,V,V,19/08/2021
25,545,E,L,L,V,L,E,E,E,V,13/08/2021
25,544,E,E,V,E,L,V,V,L,V,06/08/2021
25,543,V,L,E,V,L,E,V,E,V,30/07/2021
25,542,E,V,L,L,L,V,L,L,E,23/07/2021
25,541,E,E,V,L,E,V,V,E,V,16/07/2021
25,540,L,E,L,E,E,E,L,V,L,08/07/2021
25,539,L,L,E,E,V,V,V,E,V,02/07/2021
25,538,E,L,V,V,V,L,L,V,E,25/06/2021
25,537,L,E,L,V,V,L,V,L,E,18/06/2021
25,536,E,V,E,E,V,L,E,L,V,11/06/2021
25,535,V,E,L,E,E,V,E,L,E,04/06/2021
25,534,V,E,V,L,L,L,L,L,E,28/05/2021
25,533,E,L,V,L,V,L,L,V,V,21/05/2021
25,532,L,L,L,L,V,E,V,V,L,14/05/2021
25,531,L,L,E,L,E,L,L,L,E,06/05/2021
25,530,V,E,V,L,L,V,V,E,E,30/04/2021
25,529,V,V,E,L,L,L,L,E,V,23/04/2021
25,528,V,E,V,V,V,E,E,V,L,15/04/2021
25,527,L,L,V,V,V,V,V,E,V,08/04/2021
25,526,V,E,L,V,E,E,V,V,L,01/04/2021
25,525,L,E,V,V,V,L,L,E,V,25/03/2021
25,524,L,L,L,L,L,V,V,V,L,19/03/2021
25,523,E,L,L,E,E,E,E,V,V,11/03/2021
25,522,L,V,V,E,V,L,V,E,L,05/03/2021
25,521,E,L,L,V,V,V,V,V,L,26/02/2021
25,520,V,L,V,V,L,V,V,V,L,19/02/2021
25,519,L,L,E,L,E,L,L,E,L,11/02/2021
25,518,L,E,E,L,V,V,V,E,V,05/02/2021
25,517,E,V,V,L,E,V,L,E,V,29/01/2021
25,516,L,L,L,L,V,L,L,L,L,22/01/2021
25,515,L,E,V,V,E,V,L,L,L,15/01/2021
25,514,V,V,V,E,V,V,E,L,E,06/01/2021
25,513,L,L,L,V,E,L,L,V,E,30/12/2020
25,512,V,V,E,V,V,V,L,L,V,23/12/2020
25,511,E,L,L,L,L,L,E,L,L,18/12/2020
25,510,E,V,L,V,V,E,L,E,L,11/12/2020
25,509,E,L,E,V,E,V,E,V,E,04/12/2020
25,508,L,V,L,V,V,V,E,E,E,27/11/2020
25,507,V,V,L,V,V,L,L,V,V,18/11/2020
25,506,E,L,L,E,E,E,V,E,V,13/11/2020
25,505,E,L,L,V,E,V,L,L,L,05/11/2020
25,504,V,E,E,V,E,V,L,L,V,30/10/2020
25,503,V,E,L,V,L,L,V,V,V,22/10/2020
25,502,E,L,L,V,V,E,L,E,V,16/10/2020
25,501,V,E,E,L,L,E,L,V,L,09/10/2020
25,500,L,L,V,L,V,L,V,V,E,02/10/2020
25,499,E,E,E,L,L,V,L,L,V,25/09/2020
25,498,V,L,V,L,E,L,L,V,L,19/09/2020
25,497,L,V,E,E,V,E,L,L,V,10/09/2020
25,496,L,L,L,E,E,E,L,E,E,04/09/2020
25,495,V,V,V,E,V,V,V,E,E,27/08/2020
25,494,V,V,L,L,E,E,L,E,V,21/08/2020
25,493,L,V,L,V,E,V,L,V,L,14/08/2020
25,492,L,E,L,L,L,L,L,L,L,07/08/2020
25,491,L,V,L,V,L,V,L,L,E,31/07/2020
25,489,V,V,L,E,V,L,L,L,E,13/03/2020
25,488,L,L,V,L,V,L,V,L,L,06/03/2020
25,487,V,E,L,V,V,V,L,E,L,28/02/2020
25,486,L,L,L,L,V,L,L,L,L,20/02/2020
25,485,E,E,L,E,L,L,E,V,E,14/02/2020
25,484,V,E,V,L,E,L,E,E,L,07/02/2020
25,483,L,L,V,L,L,L,E,V,V,30/01/2020
25,482,V,L,L,L,L,E,L,E,E,24/01/2020
25,481,E,L,L,V,V,E,V,L,V,17/01/2020
25,480,V,E,E,L,V,V,V,L,E,10/01/2020
25,479,V,L,E,L,L,V,E,E,E,03/01/2020
25,478,L,E,L,V,L,V,V,L,E,27/12/2019
25,477,E,E,V,E,E,L,V,V,V,20/12/2019
25,476,V,E,L,V,L,V,L,E,E,12/12/2019
25,475,L,L,L,L,V,L,L,L,E,06/12/2019
25,474,L,E,V,L,E,L,E,E,L,29/11/2019
25,473,L,L,L,V,L,V,L,L,V,20/11/2019
25,472,E,V,V,V,V,V,V,V,V,16/11/2019
25,471,E,L,L,E,V,L,E,L,L,08/11/2019
25,470,V,L,V,L,V,V,L,L,V,01/11/2019
25,469,V,V,V,L,L,E,L,E,L,24/10/2019
25,468,L,L,L,E,L,E,L,V,V,18/10/2019
25,467,E,L,E,L,E,E,E,L,E,11/10/2019
25,466,L,V,V,L,V,L,L,V,V,03/10/2019
25,465,V,V,E,E,L,L,V,L,V,27/09/2019
25,464,V,L,E,V,L,L,E,L,V,19/09/2019
25,463,V,E,E,V,V,L,L,L,E,13/09/2019
25,462,E,V,E,V,V,L,V,V,V,06/09/2019
25,461,V,E,E,E,E,E,L,L,L,30/08/2019
25,460,E,L,V,V,V,V,L,V,V,23/08/2019
25,459,E,L,L,V,V,E,V,L,E,16/08/2019
25,458,L,L,L,L,E,V,V,V,V,09/08/2019
25,457,V,V,L,E,L,L,E,L,V,02/08/2019
25,456,V,E,V,E,L,E,V,V,V,25/07/2019
25,455,L,L,L,V,V,L,V,L,L,18/07/2019
25,454,V,E,L,E,L,E,V,E,L,12/07/2019
25,453,V,E,L,V,E,L,L,L,V,05/07/2019
25,452,L,V,E,L,L,L,L,E,L,28/06/2019
25,451,L,L,V,E,L,V,V,V,L,20/06/2019
25,450,V,L,L,L,V,L,L,L,L,13/06/2019
25,449,L,L,E,L,E,L,V,E,L,07/06/2019
25,448,L,V,L,E,L,V,L,L,L,31/05/2019
25,447,L,V,V,E,L,L,E,L,L,24/05/2019
25,446,V,L,V,E,L,V,E,V,E,17/05/2019
25,445,V,E,L,L,L,V,E,V,E,10/05/2019
25,444,E,E,V,L,E,L,L,E,V,03/05/2019
25,443,V,V,L,L,V,V,L,E,V,24/04/2019
25,442,V,V,L,L,L,V,V,L,E,19/04/2019
25,441,V,L,V,E,L,V,L,L,V,12/04/2019
25,440,L,L,L,E,L,L,L,E,V,04/04/2019
25,439,L,E,E,E,L,V,E,E,L,27/03/2019
25,438,V,L,E,L,E,V,E,L,V,22/03/2019
25,437,L,V,L,L,V,E,L,E,L,14/03/2019
25,436,V,L,L,V,V,L,L,L,E,07/03/2019
25,435,E,E,L,E,V,L,E,E,L,28/02/2019
25,434,V,L,E,E,L,L,E,L,L,22/02/2019
25,433,L,L,V,L,V,V,V,E,V,14/02/2019
25,432,V,L,E,V,E,V,L,L,L,07/02/2019
25,431,V,E,E,L,L,L,L,E,E,31/01/2019
25,430,V,L,V,V,L,L,V,E,V,25/01/2019
25,429,V,L,V,V,L,E,E,L,L,17/01/2019
25,428,V,V,V,V,L,V,E,L,E,10/01/2019
25,427,V,E,V,E,V,L,E,L,V,03/01/2019
25,426,E,L,V,L,V,E,L,V,V,27/12/2018
25,425,E,V,E,E,E,V,E,E,V,19/12/2018
25,424,E,E,V,L,E,E,L,V,L,14/12/2018
25,423,L,E,V,L,L,V,E,L,V,07/12/2018
25,422,V,E,L,L,L,V,L,L,L,30/11/2018
25,421,L,E,L,V,E,L,L,L,V,21/11/2018
25,420,L,L,L,V,L,V,E,L,L,16/11/2018
25,419,L,E,E,L,V,E,V,L,E,08/11/2018
25,418,V,E,E,V,V,V,L,V,E,01/11/2018
25,417,E,E,V,E,L,V,E,V,L,25/10/2018
25,416,V,L,V,V,E,E,V,L,E,17/10/2018
25,415,L,V,E,V,E,E,V,V,L,12/10/2018
25,414,L,E,E,E,V,V,V,L,L,04/10/2018
25,413,V,V,L,V,V,E,L,E,V,27/09/2018
25,412,L,L,E,V,E,V,E,L,E,20/09/2018
25,411,L,V,L,L,L,E,L,E,L,12/09/2018
25,410,E,V,L,E,V,L,L,E,L,07/09/2018
25,409,L,V,L,E,E,L,E,V,V,30/08/2018
25,408,E,V,L,L,L,L,L,V,E,23/08/2018
25,407,E,V,L,E,E,E,L,L,V,16/08/2018
25,406,V,E,L,E,E,E,L,L,E,09/08/2018
25,405,L,L,L,V,L,L,V,E,E,02/08/2018
25,404,V,V,L,L,V,V,E,E,E,27/07/2018
25,403,L,L,L,V,L,E,E,L,E,20/07/2018
25,402,L,E,E,V,E,L,E,L,V,13/07/2018
25,401,L,E,V,V,V,E,L,E,L,06/07/2018
25,400,E,V,V,V,E,V,V,V,V,28/06/2018
25,399,V,V,L,E,L,V,L,L,V,22/06/2018
25,398,L,V,L,E,E,L,V,V,E,15/06/2018
25,397,E,V,L,L,E,E,L,L,E,08/06/2018
25,396,E,V,L,L,L,E,L,V,L,01/06/2018
25,395,E,E,L,V,V,E,L,E,L,25/05/2018
25,394,L,V,E,V,L,E,E,V,L,18/05/2018
25,393,L,L,V,L,E,L,L,V,E,11/05/2018
25,392,L,E,E,L,L,L,V,V,L,04/05/2018
25,391,V,L,V,E,L,V,E,L,E,27/04/2018
25,390,V,V,E,V,L,L,V,L,V,19/04/2018
25,389,L,E,E,V,L,E,L,L,L,12/04/2018
25,388,L,L,V,V,L,L,E,E,E,05/04/2018
25,387,V,L,V,L,V,E,V,L,L,28/03/2018
25,386,L,V,V,V,V,E,V,V,L,23/03/2018
25,385,L,V,V,L,V,V,E,L,V,15/03/2018
25,384,E,V,V,V,V,E,L,L,L,08/03/2018
25,383,V,L,E,L,E,L,E,E,V,01/03/2018
25,382,E,E,L,V,V,L,E,V,L,22/02/2018
25,381,E,L,E,E,L,E,V,L,V,15/02/2018
25,380,L,L,L,V,V,L,L,L,V,08/02/2018
25,379,L,E,L,E,E,L,L,L,E,01/02/2018
25,378,E,L,L,V,L,L,L,V,E,25/01/2018
25,377,L,V,V,V,L,L,V,L,L,18/01/2018
25,376,V,L,V,L,V,L,V,E,V,11/01/2018
25,375,V,L,E,E,V,E,E,L,V,04/01/2018
25,374,E,E,E,L,V,L,L,E,L,28/12/2017
25,373,L,L,V,E,L,L,V,V,E,22/12/2017
25,372,L,E,V,L,L,V,V,E,L,14/12/2017
25,371,E,L,V,E,L,L,E,V,L,08/12/2017
25,370,V,V,V,E,E,L,V,V,L,01/12/2017
25,369,V,V,E,L,E,V,L,L,V,23/11/2017
25,368,E,E,L,E,L,E,V,L,L,16/11/2017
25,367,L,L,V,V,V,V,L,E,V,10/11/2017
25,366,V,L,L,E,V,L,L,E,V,02/11/2017
25,365,E,L,L,L,L,V,V,V,V,26/10/2017
25,364,V,V,L,V,L,E,L,L,V,19/10/2017
25,363,L,L,L,L,L,V,E,L,V,12/10/2017
25,362,L,L,E,V,E,E,E,L,V,06/10/2017
25,361,V,V,V,L,V,L,L,L,L,28/09/2017
25,360,E,L,E,L,V,L,V,V,V,22/09/2017
25,359,L,V,E,E,E,L,L,L,E,14/09/2017
25,358,E,L,V,L,L,E,V,E,V,06/09/2017
25,357,L,V,L,L,L,L,L,V,E,01/09/2017
25,356,L,E,V,V,E,V,E,L,E,24/08/2017
25,355,E,V,L,L,L,L,V,V,E,17/08/2017
25,354,E,V,E,E,V,L,L,L,V,11/08/2017
25,353,E,V,L,L,V,E,E,V,L,03/08/2017
25,352,V,L,L,V,V,L,V,L,E,27/07/2017
25,351,E,V,E,E,L,E,L,E,E,21/07/2017
25,350,E,E,L,E,E,V,V,V,V,14/07/2017
25,349,L,V,V,V,E,V,V,L,L,07/07/2017
25,348,L,L,V,L,L,L,E,L,L,30/06/2017
25,347,V,L,E,V,L,L,L,L,E,22/06/2017
25,346,E,L,V,L,L,E,L,E,V,16/06/2017
25,345,L,E,E,L,E,E,V,E,L,09/06/2017
25,344,L,V,L,E,V,V,L,E,E,02/06/2017
25,343,E,V,E,L,V,V,E,L,L,26/05/2017
25,342,E,L,E,V,V,E,L,V,E,19/05/2017
25,341,V,L,L,L,L,E,V,V,V,12/05/2017
25,340,L,V,L,V,V,L,L,L,E,05/05/2017
25,339,L,E,V,L,L,V,L,E,E,27/04/2017
25,338,E,E,V,E,L,L,E,L,E,21/04/2017
25,337,L,V,E,E,V,L,V,L,E,13/04/2017
25,336,L,V,L,L,L,L,L,V,L,06/04/2017
25,335,V,L,L,V,E,V,L,E,L,29/03/2017
25,334,L,L,L,V,L,E,L,E,L,24/03/2017
25,333,L,L,L,E,V,L,E,E,L,16/03/2017
25,332,V,V,L,V,L,L,E,L,E,09/03/2017
25,331,V,L,V,L,L,L,V,V,E,02/03/2017
25,330,V,L,E,E,L,V,V,V,V,23/02/2017
25,329,L,L,L,L,V,V,V,E,V,16/02/2017
25,328,L,L,L,L,E,V,E,L,V,09/02/2017
25,327,V,V,V,L,L,E,E,E,V,02/02/2017
25,326,E,V,V,L,E,L,L,L,L,26/01/2017
25,325,E,V,L,L,L,V,L,V,L,19/01/2017
25,324,E,V,L,L,L,E,E,E,L,12/01/2017
25,323,E,V,L,L,V,V,V,L,L,06/01/2017
25,322,E,L,E,L,V,L,L,E,E,23/12/2016
25,321,L,L,E,L,L,L,E,V,V,15/12/2016
25,320,L,V,L,E,L,E,L,V,L,08/12/2016
25,319,V,E,E,L,V,L,L,L,V,02/12/2016
25,318,E,E,L,V,E,E,E,E,L,24/11/2016
25,317,E,L,E,L,V,E,V,E,E,17/11/2016
25,316,E,E,L,V,L,V,V,L,V,12/11/2016
25,315,E,E,L,V,E,L,L,V,L,03/11/2016
25,314,E,E,E,L,L,L,V,V,V,27/10/2016
25,313,V,V,E,E,V,L,V,V,V,20/10/2016
25,312,V,E,L,E,L,E,E,V,V,14/10/2016
25,311,E,E,E,E,L,V,E,V,E,07/10/2016
25,310,E,V,L,E,L,L,L,E,L,29/09/2016
25,309,V,V,V,E,L,E,L,E,V,22/09/2016
25,308,E,V,E,V,V,L,L,V,V,15/09/2016
25,307,E,V,L,L,L,L,L,V,E,08/09/2016
25,306,E,V,V,V,L,V,L,L,E,02/09/2016
25,305,E,L,E,V,L,L,L,V,E,25/08/2016
25,304,V,E,E,E,V,V,E,L,V,18/08/2016
25,303,E,E,E,L,L,L,L,L,E,11/08/2016
25,302,L,E,L,E,L,L,L,V,V,05/08/2016
25,301,L,V,V,E,L,V,E,L,E,28/07/2016
25,300,E,E,L,L,V,E,V,E,V,22/07/2016
25,299,L,V,V,V,V,E,L,L,L,15/07/2016
25,298,E,L,L,L,L,L,L,V,L,01/07/2016
25,297,V,V,V,L,V,V,E,L,V,23/06/2016
25,296,E,L,V,E,E,L,L,V,L,16/06/2016
25,295,L,L,E,V,L,L,L,E,L,10/06/2016
25,294,L,L,V,L,V,E,L,V,V,03/06/2016
25,293,L,L,V,V,L,L,E,E,L,27/05/2016
25,292,V,L,E,V,L,L,L,E,L,20/05/2016
25,291,V,E,L,L,L,E,E,L,L,13/05/2016
25,290,L,L,L,L,L,L,L,E,L,05/05/2016
25,289,E,L,E,L,L,E,E,E,E,29/04/2016
25,288,L,V,E,L,V,E,L,E,L,21/04/2016
25,287,L,E,L,E,L,V,L,L,V,14/04/2016
25,286,E,L,L,L,E,L,V,E,V,07/04/2016
25,285,L,L,L,L,L,E,L,L,V,30/03/2016
25,284,L,L,E,V,E,L,V,E,V,24/03/2016
25,283,E,E,E,E,L,E,L,V,E,17/03/2016
25,282,E,V,L,L,V,V,E,L,L,10/03/2016
25,281,L,L,V,E,E,L,L,E,L,03/03/2016
25,280,V,V,E,E,V,L,E,V,L,25/02/2016
25,279,V,L,L,L,L,E,L,E,V,19/02/2016
25,278,L,V,E,L,V,E,E,E,E,11/02/2016
25,277,E,E,V,E,V,L,E,L,V,04/02/2016
25,276,E,E,V,V,L,V,V,E,L,28/01/2016
25,275,L,L,V,V,L,V,V,V,E,21/01/2016
25,274,E,E,L,E,V,V,L,V,V,14/01/2016
25,273,V,L,V,V,L,E,V,L,V,07/01/2016
25,272,V,V,L,E,V,E,V,L,L,31/12/2015
25,271,V,E,L,L,V,L,E,L,V,17/12/2015
25,270,L,L,V,E,L,V,L,E,L,10/12/2015
25,269,E,V,E,E,L,V,V,E,L,04/12/2015
25,268,E,V,E,L,L,V,E,V,V,26/11/2015
25,267,V,V,V,L,E,V,E,V,L,18/11/2015
25,266,E,V,L,L,V,L,L,E,E,13/11/2015
25,265,V,L,V,L,E,L,L,V,E,05/11/2015
25,264,L,L,E,V,L,L,L,L,E,29/10/2015
25,263,E,E,L,E,E,V,E,E,L,22/10/2015
25,262,L,V,L,E,V,V,L,L,L,15/10/2015
25,261,L,E,E,L,L,V,L,V,L,08/10/2015
25,260,L,L,L,E,E,L,V,L,E,01/10/2015
25,259,E,E,E,V,L,V,V,L,L,24/09/2015
25,258,V,L,L,L,L,V,V,E,E,14/09/2015
25,257,V,V,L,V,E,L,E,L,L,10/09/2015
25,256,V,V,L,V,E,E,L,L,V,04/09/2015
25,255,V,E,V,L,L,L,L,L,L,27/08/2015
25,254,V,V,V,L,E,L,L,V,L,20/08/2015
25,253,L,V,L,V,L,L,L,L,L,13/08/2015
25,252,L,E,E,L,E,L,L,L,E,06/08/2015
25,251,E,E,V,V,E,E,E,V,E,30/07/2015
25,250,E,L,L,L,L,E,L,L,L,23/07/2015
25,249,V,L,E,L,E,L,L,V,V,16/07/2015
25,248,L,E,E,L,L,L,L,L,L,10/07/2015
25,247,L,E,L,L,L,V,L,L,L,03/07/2015
25,246,V,E,L,V,E,L,L,L,L,26/06/2015
25,245,E,E,L,L,V,L,L,E,L,05/06/2015
25,244,L,L,V,L,E,V,L,L,L,29/05/2015
25,243,E,L,E,L,E,V,E,L,E,22/05/2015
25,242,E,L,L,E,L,E,L,V,L,15/05/2015
25,241,E,L,L,E,L,L,L,L,L,08/05/2015
25,240,V,V,E,L,V,V,E,V,E,30/04/2015
25,239,L,L,E,L,L,L,L,E,E,23/04/2015
25,238,L,V,L,E,L,V,V,E,L,16/04/2015
25,237,L,L,V,E,V,V,V,E,V,09/04/2015
25,236,V,E,L,E,L,L,L,E,L,02/04/2015
25,235,L,L,L,E,L,L,V,E,L,26/03/2015
25,234,L,L,L,V,L,V,L,V,L,19/03/2015
25,233,V,L,E,L,V,E,L,E,V,12/03/2015
25,232,E,V,E,L,E,V,E,V,V,05/03/2015
25,231,V,V,L,V,V,L,V,L,V,26/02/2015
25,230,V,V,V,L,E,E,E,E,E,19/02/2015
25,229,L,V,L,L,E,L,E,L,E,11/02/2015
25,228,E,L,L,L,L,L,L,L,E,05/02/2015
25,227,V,E,L,L,E,V,V,L,L,29/01/2015
25,226,L,V,L,V,E,E,L,E,L,22/01/2015
25,225,L,V,L,V,V,E,L,L,E,15/01/2015
25,224,V,E,E,E,V,L,L,V,E,06/01/2015
25,223,E,E,E,L,E,E,E,L,L,01/01/2015
25,222,L,E,V,V,V,V,L,V,E,17/12/2014
25,221,L,E,E,L,E,V,L,L,V,11/12/2014
25,220,V,E,V,V,V,V,V,L,V,04/12/2014
25,219,E,L,V,L,V,E,V,L,E,27/11/2014
25,218,L,V,L,L,V,V,L,V,L,20/11/2014
25,217,V,V,L,E,L,V,L,L,L,13/11/2014
25,216,E,V,L,L,L,V,V,L,E,06/11/2014
25,215,E,V,V,V,L,E,L,L,E,30/10/2014
25,214,V,L,L,V,L,L,L,L,V,23/10/2014
25,213,E,V,V,V,E,V,V,E,V,15/10/2014
25,212,V,L,L,L,V,E,L,V,V,09/10/2014
25,211,L,E,V,E,E,L,E,L,L,02/10/2014
25,210,L,L,V,V,E,E,L,L,L,25/09/2014
25,209,L,V,V,E,V,L,L,L,E,18/09/2014
25,208,E,V,L,L,V,L,L,L,L,11/09/2014
25,207,V,V,L,V,L,L,L,V,L,04/09/2014
25,206,E,L,E,L,V,V,L,L,L,28/08/2014
25,205,L,E,L,L,E,E,V,E,L,21/08/2014
25,204,L,L,L,L,E,L,L,L,L,14/08/2014
25,203,E,V,E,E,E,V,E,E,E,07/08/2014
25,202,E,V,L,E,L,V,E,L,L,31/07/2014
25,201,L,V,L,E,E,V,L,L,L,17/07/2014
25,200,L,E,E,V,V,V,L,L,E,19/06/2014
25,199,V,L,V,E,L,L,E,L,L,05/06/2014
25,198,L,L,L,E,V,E,L,L,V,29/05/2014
25,197,L,L,V,L,L,L,L,L,E,08/05/2014
25,196,V,V,E,V,V,L,E,E,L,01/05/2014
25,195,E,L,E,E,L,L,E,L,V,24/04/2014
25,194,L,E,V,V,E,L,V,L,V,17/04/2014
25,193,L,V,L,L,L,L,L,L,L,10/04/2014
25,192,V,L,L,E,E,E,L,V,L,03/04/2014
25,191,V,V,E,L,V,L,L,L,V,27/03/2014
25,190,L,E,L,L,L,L,E,L,L,20/03/2014
25,189,V,E,L,L,L,L,L,L,E,13/03/2014
25,188,E,E,L,L,L,L,L,E,E,06/03/2014
25,187,V,L,E,V,V,E,L,V,E,27/02/2014
25,186,V,V,V,V,V,E,E,E,E,20/02/2014
25,185,L,L,E,V,V,E,L,L,E,13/02/2014
25,184,L,E,V,L,V,E,V,V,L,06/02/2014
25,183,L,L,L,L,L,V,L,V,V,30/01/2014
25,182,V,L,V,L,L,L,V,V,V,22/01/2014
25,181,L,L,V,L,L,V,V,L,L,16/01/2014
25,180,L,L,E,E,E,E,L,L,L,09/01/2014
25,179,V,L,E,L,L,V,E,L,V,01/01/2014
25,178,V,V,V,L,L,V,E,V,L,26/12/2013
25,177,L,L,V,L,L,L,L,E,E,12/12/2013
25,176,L,V,E,L,L,V,V,L,E,05/12/2013
25,175,L,L,L,V,E,V,L,L,L,27/11/2013
25,174,V,E,E,L,V,L,L,L,V,20/11/2013
25,173,L,V,V,L,E,V,L,L,L,14/11/2013
25,172,E,E,E,L,L,V,E,L,L,06/11/2013
25,171,L,L,V,V,L,E,E,E,L,31/10/2013
25,170,V,V,E,L,V,L,L,L,E,23/10/2013
25,169,L,E,V,L,V,L,E,V,V,16/10/2013
25,168,E,V,L,L,V,L,L,L,E,10/10/2013
25,167,V,V,L,L,V,E,E,L,V,02/10/2013
25,166,V,L,L,L,E,L,V,L,L,26/09/2013
25,165,V,E,L,V,V,V,V,L,V,18/09/2013
25,164,L,E,E,E,L,L,V,L,E,11/09/2013
25,163,L,L,L,L,L,E,V,L,L,05/09/2013
25,162,V,L,L,V,V,L,L,L,E,29/08/2013
25,161,V,L,L,V,E,V,V,E,E,22/08/2013
25,160,L,V,V,E,E,L,L,E,V,15/08/2013
25,159,L,E,L,V,L,L,V,V,V,08/08/2013
25,158,E,L,V,V,V,E,V,E,E,01/08/2013
25,157,L,L,L,L,L,V,L,L,E,24/07/2013
25,156,L,L,L,L,L,L,V,E,V,18/07/2013
25,155,L,L,E,L,E,E,L,E,L,04/07/2013
25,154,V,V,V,E,V,V,L,L,L,27/06/2013
25,153,L,L,L,V,L,L,L,L,V,20/06/2013
25,152,E,L,L,L,E,V,L,E,V,13/06/2013
25,151,V,E,L,V,E,E,V,L,L,06/06/2013
25,150,L,E,L,E,V,E,V,V,V,30/05/2013
25,149,V,L,V,V,V,E,L,L,V,16/05/2013
25,148,L,V,E,V,L,V,V,E,L,09/05/2013
25,147,L,L,E,L,V,L,V,L,L,02/05/2013
25,146,E,L,E,L,E,V,V,L,L,18/04/2013
25,145,E,E,L,L,L,L,V,E,L,11/04/2013
25,144,E,E,V,V,E,L,E,L,E,04/04/2013
25,143,E,L,L,E,L,L,L,V,E,28/03/2013
25,142,E,L,L,L,L,V,L,L,L,14/03/2013
25,141,E,L,L,V,L,L,V,V,L,07/03/2013
25,140,L,L,V,V,E,E,L,L,L,28/02/2013
25,139,V,V,V,L,L,E,L,E,L,21/02/2013
25,138,V,V,V,V,E,E,L,V,L,14/02/2013
25,137,E,L,E,L,E,V,L,V,V,07/02/2013
25,136,E,E,L,L,E,L,L,L,V,31/01/2013
25,135,E,L,L,L,E,L,E,E,V,24/01/2013
25,134,L,E,L,V,V,L,E,V,L,17/01/2013
25,133,V,L,L,E,V,E,L,V,V,03/01/2013
25,132,V,L,L,L,V,V,L,L,L,20/12/2012
25,131,V,L,V,V,L,V,L,L,V,13/12/2012
25,130,L,V,E,L,L,V,E,L,V,06/12/2012
25,129,L,E,L,L,L,V,E,L,V,29/11/2012
25,128,V,L,E,L,L,E,V,V,E,22/11/2012
25,127,E,E,L,L,E,V,E,V,V,15/11/2012
25,126,E,E,E,E,L,L,L,L,V,08/11/2012
25,125,E,L,V,E,E,L,E,L,L,01/11/2012
25,124,V,L,L,V,L,L,L,L,V,25/10/2012
25,123,L,L,L,E,L,V,V,E,E,18/10/2012
25,122,L,V,L,L,E,V,E,V,L,04/10/2012
25,121,L,E,E,L,V,V,E,L,E,27/09/2012
25,120,L,L,E,L,V,V,L,E,L,20/09/2012
25,119,L,V,L,V,E,V,E,V,E,13/09/2012
25,118,L,L,L,V,E,V,L,L,L,06/09/2012
25,117,V,L,V,L,E,E,E,V,L,30/08/2012
25,116,L,L,E,L,L,V,L,E,L,23/08/2012
25,115,V,E,L,L,V,L,E,V,E,16/08/2012
25,114,V,L,E,L,L,V,V,V,L,09/08/2012
25,113,L,E,E,E,L,E,L,V,L,02/08/2012
25,112,L,V,L,L,L,E,L,E,L,26/07/2012
25,111,L,L,L,L,L,E,L,L,E,19/07/2012
25,110,L,L,E,L,V,E,V,E,V,05/07/2012
25,109,L,L,E,E,V,V,E,L,E,21/06/2012
25,108,V,E,E,V,E,V,V,E,L,14/06/2012
25,107,L,L,L,E,L,V,L,E,E,07/06/2012
25,106,L,V,V,V,L,L,V,L,V,31/05/2012
25,105,E,L,L,E,L,E,L,V,V,24/05/2012
25,104,E,L,V,V,L,V,V,L,L,17/05/2012
25,103,L,V,L,L,L,L,L,V,E,10/05/2012
25,102,E,L,E,L,V,V,L,V,L,03/05/2012
25,101,L,E,L,V,L,V,E,L,E,26/04/2012
25,100,L,L,L,L,L,L,L,L,L,19/04/2012
25,99,V,V,L,L,E,L,E,L,E,12/04/2012
25,98,E,L,E,E,V,L,L,L,L,05/04/2012
25,97,L,E,L,L,L,V,V,E,V,29/03/2012
25,96,L,L,L,V,L,V,E,V,L,22/03/2012
25,95,L,E,L,L,L,L,L,L,E,15/03/2012
25,94,V,L,V,L,L,L,L,V,L,08/03/2012
25,93,V,V,V,V,V,E,V,E,V,01/03/2012
25,92,L,L,E,L,L,L,L,L,V,23/02/2012
25,91,V,L,V,V,V,V,L,L,V,16/02/2012
25,90,E,V,V,V,E,E,V,L,E,09/02/2012
25,89,L,E,V,E,V,V,L,L,E,02/02/2012
25,88,E,L,V,L,E,L,L,L,L,26/01/2012
25,87,L,V,L,V,L,L,V,L,L,12/01/2012
25,86,E,E,E,E,E,V,V,L,E,22/12/2011
25,85,L,L,L,L,E,E,E,E,E,15/12/2011
25,84,V,L,L,V,E,V,L,E,L,08/12/2011
25,83,E,L,L,V,V,E,V,V,E,01/12/2011
25,82,E,E,L,E,L,L,V,V,E,24/11/2011
25,81,V,L,L,E,E,V,V,L,L,17/11/2011
25,80,L,E,L,L,V,E,L,E,V,03/11/2011
25,79,E,L,E,L,L,L,L,L,L,27/10/2011
25,78,L,V,L,L,E,V,V,L,V,20/10/2011
25,77,V,L,E,L,L,L,L,V,L,12/10/2011
25,76,E,L,L,E,L,L,V,E,L,29/09/2011
25,75,L,V,L,E,V,E,E,L,E,22/09/2011
25,74,E,L,V,L,L,E,V,E,V,15/09/2011
25,73,E,L,L,L,E,L,L,L,L,06/09/2011
25,72,L,E,E,E,V,V,L,L,L,01/09/2011
25,71,V,L,V,E,L,V,V,L,E,25/08/2011
25,70,L,L,V,L,E,L,L,L,L,18/08/2011
25,69,E,L,L,V,L,L,L,E,L,11/08/2011
25,68,V,L,E,L,L,L,V,E,L,04/08/2011
25,67,L,L,L,L,L,V,E,E,L,28/07/2011
25,66,V,V,L,L,E,E,V,L,L,21/07/2011
25,65,L,L,E,L,L,L,L,L,L,14/07/2011
25,64,E,L,V,L,E,V,L,E,V,07/07/2011
25,63,V,L,L,L,V,L,L,V,V,30/06/2011
25,62,L,E,E,V,L,V,L,E,E,23/06/2011
25,61,E,E,V,E,E,L,L,L,E,16/06/2011
25,60,V,E,L,L,L,L,E,V,L,09/06/2011
25,59,L,E,V,L,L,E,E,L,E,02/06/2011
25,58,L,V,L,E,V,L,L,V,E,26/05/2011
25,57,E,L,V,E,L,L,L,L,L,19/05/2011
25,56,E,L,E,L,L,L,L,E,L,12/05/2011
25,55,E,L,L,E,V,E,L,L,L,05/05/2011
25,54,V,V,V,L,L,L,L,L,L,28/04/2011
25,53,E,L,L,L,V,E,E,L,E,21/04/2011
25,52,E,V,L,V,L,V,L,E,V,14/04/2011
25,51,L,L,E,L,V,L,V,L,L,07/04/2011
25,50,E,L,L,L,L,V,E,E,L,31/03/2011
25,49,L,L,E,V,E,L,L,V,L,24/03/2011
25,48,L,L,V,L,L,V,L,L,E,17/03/2011
25,47,L,L,L,E,L,L,V,L,E,10/03/2011
25,46,L,E,V,L,L,V,E,E,L,03/03/2011
25,45,L,L,L,L,V,V,E,E,L,24/02/2011
25,44,V,L,L,V,E,V,L,E,L,17/02/2011
25,43,L,L,E,L,V,L,V,L,E,10/02/2011
25,42,L,L,L,V,L,L,E,L,L,03/02/2011
25,41,V,L,E,V,V,L,E,L,L,27/01/2011
25,40,L,V,V,L,L,E,L,L,V,20/01/2011
25,39,L,E,L,E,L,L,L,L,L,13/01/2011
25,38,L,V,E,V,V,E,V,L,E,06/01/2011
25,37,L,V,L,E,V,E,V,E,L,29/12/2010
25,36,E,E,E,V,L,L,L,L,E,22/12/2010
25,35,V,L,E,L,E,L,E,E,E,16/12/2010
25,34,E,L,V,E,L,L,L,V,L,09/12/2010
25,33,L,L,L,L,E,V,L,E,E,02/12/2010
25,32,L,V,V,L,V,L,L,V,L,24/11/2010
25,31,L,L,V,V,V,V,L,E,E,17/11/2010
25,30,E,E,L,E,V,E,L,E,L,11/11/2010
25,29,L,V,L,L,E,V,L,E,L,04/11/2010
25,28,V,E,V,V,V,L,E,E,V,28/10/2010
25,27,V,L,L,L,L,E,L,E,L,21/10/2010
25,26,E,E,L,L,L,L,E,V,E,13/10/2010
25,25,V,V,E,L,L,L,E,L,V,07/10/2010
25,24,V,L,V,E,V,L,V,E,L,28/09/2010
25,23,E,E,E,L,L,E,V,L,V,23/09/2010
25,22,E,E,L,E,L,L,L,L,L,14/09/2010
25,21,L,L,L,V,E,E,V,V,L,08/09/2010
25,20,V,L,E,L,V,L,L,E,L,02/09/2010
25,19,L,E,L,L,V,L,V,L,L,26/08/2010
25,18,L,L,L,E,L,L,L,E,L,19/08/2010
25,17,E,V,V,V,E,E,V,L,L,12/08/2010
25,16,V,V,L,E,L,E,L,L,V,05/08/2010
25,15,E,L,V,V,L,V,E,L,L,29/07/2010
25,14,L,L,L,L,E,L,V,V,V,22/07/2010
25,13,E,V,L,E,E,L,V,L,V,15/07/2010
25,12,L,E,V,V,V,V,V,E,L,04/07/2010
25,11,V,V,V,V,V,E,L,V,V,24/06/2010
25,10,E,L,E,V,V,V,V,L,L,17/06/2010
25,9,L,L,E,L,V,L,E,L,L,27/05/2010
25,8,L,L,V,L,V,V,V,V,L,20/05/2010
25,7,L,L,V,V,L,L,E,L,L,13/05/2010
25,6,L,L,V,V,L,L,V,V,L,06/05/2010
25,5,V,L,L,L,L,L,E,L,V,29/04/2010
25,4,L,L,L,E,L,L,L,L,L,22/04/2010
25,3,V,L,L,E,E,V,L,E,E,15/04/2010
25,2,L,V,L,L,L,L,V,V,L,08/04/2010
25,1,E,L,L,E,L,L,E,E,L,01/04/2010
