NPRODUCTO,CONCURSO,F1,F2,F3,F4,F5,F6,F7,BOLSA,FECHA
30,1666,7,22,23,26,27,37,13,5000000,05/09/2026
30,1665,7,12,19,23,27,32,38,5000000,01/09/2026
30,1664,4,19,22,23,31,33,13,23500000,29/08/2026
30,1663,15,16,17,25,36,37,12,20500000,25/08/2026
30,1662,2,7,15,21,26,37,31,17500000,22/08/2026
30,1661,12,13,23,24,28,34,27,14700000,18/08/2026
30,1660,10,18,22,23,33,38,5,11900000,15/08/2026
30,1659,4,8,13,21,27,30,17,9700000,11/08/2026
30,1658,11,20,26,31,32,38,5,7300000,08/08/2026
30,1657,1,3,9,12,22,29,18,5500000,04/08/2026
30,1656,9,13,16,22,24,29,11,5100000,01/08/2026
30,1655,3,14,15,21,22,29,18,5000000,28/07/2026
30,1654,1,21,23,29,31,38,6,5000000,25/07/2026
30,1653,3,11,21,33,37,38,7,21300000,21/07/2026
30,1652,4,5,17,29,35,38,11,18000000,18/07/2026
30,1651,2,9,19,20,21,31,38,15000000,14/07/2026
30,1650,3,14,19,22,32,38,6,12000000,11/07/2026
30,1649,6,9,20,22,29,39,1,9900000,07/07/2026
30,1648,7,8,12,16,29,31,18,7500000,04/07/2026
30,1647,1,2,4,8,9,35,34,5500000,30/06/2026
30,1646,4,10,24,30,34,36,16,5100000,27/06/2026
30,1645,1,2,4,7,8,21,16,5000000,23/06/2026
30,1644,1,6,10,25,28,33,21,5000000,20/06/2026
30,1643,1,3,8,24,30,33,28,15300000,16/06/2026
30,1642,4,18,19,29,30,38,3,12500000,13/06/2026
30,1641,7,19,33,34,35,37,3,10000000,09/06/2026
30,1640,7,17,20,31,32,36,33,7900000,06/06/2026
30,1639,8,12,15,19,24,25,27,5700000,02/06/2026
30,1638,9,12,14,24,35,36,2,5100000,30/05/2026
30,1637,3,12,15,17,19,36,23,5000000,26/05/2026
30,1636,4,18,20,22,30,34,21,12000000,23/05/2026
30,1635,5,6,7,15,33,38,18,9700000,19/05/2026
30,1634,5,14,15,23,25,36,13,7300000,16/05/2026
30,1633,2,3,9,28,36,38,25,5500000,12/05/2026
30,1632,1,2,13,23,30,35,24,5100000,09/05/2026
30,1631,1,4,15,24,29,33,23,5000000,05/05/2026
30,1630,3,25,33,34,35,36,20,19900000,02/05/2026
30,1629,6,9,10,17,28,34,7,17500000,28/04/2026
30,1628,6,9,10,15,29,38,30,14900000,25/04/2026
30,1627,2,11,12,20,31,37,1,12300000,21/04/2026
30,1626,8,12,18,20,26,38,6,9900000,18/04/2026
30,1625,2,10,12,17,19,29,23,7700000,14/04/2026
30,1624,14,17,19,25,32,34,20,5300000,11/04/2026
30,1623,13,14,20,25,34,39,36,5100000,07/04/2026
30,1622,4,11,17,22,26,39,33,5000000,04/04/2026
30,1621,7,12,22,31,37,38,35,7500000,31/03/2026
30,1620,13,14,24,29,31,35,5,5300000,28/03/2026
30,1619,7,8,16,18,29,33,12,5100000,24/03/2026
30,1618,9,21,24,26,31,35,23,5000000,21/03/2026
30,1617,7,20,21,25,26,30,32,9700000,17/03/2026
30,1616,9,11,19,22,26,30,35,7500000,14/03/2026
30,1615,8,10,13,14,33,36,7,5500000,10/03/2026
30,1614,4,7,12,21,24,25,31,5100000,07/03/2026
30,1613,7,17,19,21,27,38,2,5000000,03/03/2026
30,1612,6,11,20,22,25,38,18,9700000,28/02/2026
30,1611,6,9,10,14,27,29,21,8000000,24/02/2026
30,1610,4,16,19,24,33,34,31,5700000,21/02/2026
30,1609,4,9,15,20,24,34,31,5100000,17/02/2026
30,1608,4,7,23,30,38,39,25,5000000,14/02/2026
30,1607,6,10,11,12,24,26,21,5100000,10/02/2026
30,1606,5,7,15,25,29,32,10,5000000,07/02/2026
30,1605,2,7,11,22,26,34,35,5000000,03/02/2026
30,1604,10,15,24,27,28,39,13,21300000,31/01/2026
30,1603,1,2,7,18,29,34,39,18500000,27/01/2026
30,1602,12,13,17,20,31,35,32,15500000,24/01/2026
30,1601,8,11,17,32,33,39,4,13000000,20/01/2026
30,1600,1,5,7,12,36,38,20,10300000,17/01/2026
30,1599,3,7,29,34,35,39,25,8000000,13/01/2026
30,1598,8,15,17,18,21,23,26,5700000,10/01/2026
30,1597,20,22,26,27,38,39,14,5100000,06/01/2026
30,1596,16,21,22,29,35,38,7,5000000,03/01/2026
30,1595,5,6,17,25,34,39,38,5000000,30/12/2025
30,1594,14,15,18,20,31,35,8,23700000,27/12/2025
30,1593,1,5,7,19,28,29,31,20300000,23/12/2025
30,1592,5,10,23,24,27,30,3,17300000,20/12/2025
30,1591,9,15,16,29,37,39,1,14500000,16/12/2025
30,1590,7,10,24,27,28,35,15,11700000,13/12/2025
30,1589,7,13,21,22,35,38,30,9500000,09/12/2025
30,1588,8,14,26,29,32,39,6,7500000,06/12/2025
30,1587,3,9,12,21,25,26,20,5300000,02/12/2025
30,1586,2,7,9,10,12,15,33,5100000,29/11/2025
30,1585,3,12,21,25,31,33,8,5000000,25/11/2025
30,1584,6,16,20,23,29,36,34,8700000,22/11/2025
30,1583,3,5,7,17,21,22,9,7300000,18/11/2025
30,1582,17,21,22,27,28,29,4,5200000,15/11/2025
30,1581,1,10,12,13,27,33,23,5100000,11/11/2025
30,1580,8,14,19,24,32,38,7,5000000,08/11/2025
30,1579,3,15,19,21,32,38,25,5000000,04/11/2025
30,1578,2,12,16,32,33,39,23,11000000,01/11/2025
30,1577,6,11,32,33,34,39,19,8900000,28/10/2025
30,1576,4,10,19,24,28,31,7,7000000,25/10/2025
30,1575,5,8,18,28,29,38,23,5300000,21/10/2025
30,1574,2,4,11,21,26,33,13,5100000,18/10/2025
30,1573,8,10,29,34,37,38,9,5000000,14/10/2025
30,1572,4,7,11,13,19,35,20,5200000,11/10/2025
30,1571,2,3,5,16,24,25,4,5100000,07/10/2025
30,1570,6,9,13,14,19,34,12,5000000,04/10/2025
30,1569,4,13,15,19,36,37,5,40700000,30/09/2025
30,1568,3,14,16,17,25,28,26,37300000,27/09/2025
30,1567,5,15,24,33,36,39,37,33500000,23/09/2025
30,1566,4,24,27,30,31,37,1,29700000,20/09/2025
30,1565,17,19,20,32,36,39,8,27000000,16/09/2025
30,1564,10,11,14,22,27,30,2,23900000,13/09/2025
30,1563,7,15,17,26,27,29,12,21500000,09/09/2025
30,1562,3,12,15,21,22,36,18,18700000,06/09/2025
30,1561,1,6,16,20,24,33,18,16000000,02/09/2025
30,1560,5,6,8,11,13,36,12,13700000,30/08/2025
30,1559,2,5,14,29,31,38,33,11300000,26/08/2025
30,1558,1,3,5,11,16,17,7,9000000,23/08/2025
30,1557,5,9,11,22,27,29,35,7300000,19/08/2025
30,1556,1,7,10,17,20,28,35,5200000,16/08/2025
30,1555,1,22,28,29,37,38,27,5100000,12/08/2025
30,1554,6,12,18,23,27,28,34,5000000,09/08/2025
30,1553,11,21,24,28,32,37,19,11900000,05/08/2025
30,1552,7,10,16,33,34,36,30,9300000,02/08/2025
30,1551,3,4,23,32,37,38,17,7500000,29/07/2025
30,1550,3,4,9,16,20,38,2,5300000,26/07/2025
30,1549,8,15,17,21,31,33,38,5100000,22/07/2025
30,1548,1,4,12,16,21,26,24,5000000,19/07/2025
30,1547,1,8,11,25,26,37,21,11900000,15/07/2025
30,1546,5,12,14,28,35,36,3,9700000,12/07/2025
30,1545,9,23,27,31,36,38,26,7500000,08/07/2025
30,1544,3,23,25,27,29,30,1,5200000,05/07/2025
30,1543,2,7,9,10,24,29,33,5100000,01/07/2025
30,1542,12,14,15,26,31,37,6,5000000,28/06/2025
30,1541,1,17,19,29,30,38,14,68000000,24/06/2025
30,1540,6,11,20,30,34,35,5,63500000,21/06/2025
30,1539,11,16,17,26,28,35,3,58900000,17/06/2025
30,1538,7,11,13,16,26,33,29,54300000,14/06/2025
30,1537,4,11,13,33,35,38,24,50700000,10/06/2025
30,1536,4,12,13,15,29,37,5,46500000,07/06/2025
30,1535,7,10,16,26,30,35,20,42300000,03/06/2025
30,1534,3,4,5,22,25,27,29,38300000,31/05/2025
30,1533,9,19,20,22,24,31,26,34700000,27/05/2025
30,1532,1,11,12,19,37,38,4,31300000,24/05/2025
30,1531,4,14,16,24,28,34,32,28000000,20/05/2025
30,1530,3,13,14,17,27,29,39,24700000,17/05/2025
30,1529,2,11,15,24,27,29,38,21900000,13/05/2025
30,1528,13,14,20,21,27,36,28,19000000,10/05/2025
30,1527,6,13,16,27,34,35,11,16700000,06/05/2025
30,1526,9,10,30,33,36,39,16,14000000,03/05/2025
30,1525,2,8,16,32,33,37,35,12000000,29/04/2025
30,1524,4,24,27,28,30,33,1,9900000,26/04/2025
30,1523,1,6,9,12,21,31,14,8000000,22/04/2025
30,1522,3,8,13,20,23,24,22,6600000,19/04/2025
30,1521,3,4,18,22,29,38,31,5200000,15/04/2025
30,1520,14,22,28,29,31,33,30,5100000,12/04/2025
30,1519,5,7,8,13,32,38,10,5000000,08/04/2025
30,1518,3,9,12,19,20,37,16,6300000,05/04/2025
30,1517,11,12,21,24,29,33,2,5200000,01/04/2025
30,1516,18,20,23,25,27,32,10,5100000,29/03/2025
30,1515,12,13,14,23,28,38,34,5000000,25/03/2025
30,1514,1,3,24,25,29,35,9,9900000,22/03/2025
30,1513,6,20,21,23,34,37,15,8000000,18/03/2025
30,1512,5,8,10,19,25,35,31,6400000,15/03/2025
30,1511,5,7,21,31,36,38,32,5200000,11/03/2025
30,1510,7,13,22,30,32,39,6,5100000,08/03/2025
30,1509,5,10,20,30,32,39,36,5000000,04/03/2025
30,1508,2,8,20,30,33,38,23,5000000,01/03/2025
30,1507,8,23,25,28,34,35,26,12000000,25/02/2025
30,1506,9,12,18,25,26,35,39,10000000,22/02/2025
30,1505,6,9,10,29,31,36,18,8000000,18/02/2025
30,1504,15,19,23,24,25,26,35,6300000,15/02/2025
30,1503,9,12,15,18,20,36,38,5200000,11/02/2025
30,1502,1,7,17,22,30,34,33,5100000,08/02/2025
30,1501,11,12,13,28,29,30,1,5000000,04/02/2025
30,1500,6,10,24,27,32,36,19,5000000,01/02/2025
30,1499,3,4,18,24,28,34,39,8300000,28/01/2025
30,1498,12,13,23,24,26,27,29,6300000,25/01/2025
30,1497,3,6,12,19,38,39,14,5200000,21/01/2025
30,1496,3,15,23,28,32,37,21,5100000,18/01/2025
30,1495,5,19,20,26,31,33,38,5000000,14/01/2025
30,1494,8,10,12,13,17,27,24,5100000,11/01/2025
30,1493,1,11,13,20,30,39,36,5000000,07/01/2025
30,1492,2,7,17,21,24,34,28,5100000,04/01/2025
30,1491,6,9,14,23,27,31,37,5000000,31/12/2024
30,1490,13,15,24,30,36,37,16,12300000,28/12/2024
30,1489,7,19,22,24,25,35,29,0,24/12/2024
30,1488,3,8,10,18,22,24,11,8000000,21/12/2024
30,1487,2,3,5,6,7,19,15,6500000,17/12/2024
30,1486,5,16,17,29,36,39,1,5200000,14/12/2024
30,1485,10,12,16,25,28,31,19,5100000,10/12/2024
30,1484,5,8,12,21,24,33,9,5000000,07/12/2024
30,1483,8,13,14,25,36,39,22,5100000,03/12/2024
30,1482,3,7,21,25,27,29,38,5000000,30/11/2024
30,1481,9,10,11,13,31,33,7,5300000,26/11/2024
30,1480,1,3,12,13,22,33,20,5200000,23/11/2024
30,1479,2,4,5,22,29,32,35,5100000,19/11/2024
30,1478,8,11,15,16,22,37,1,5000000,16/11/2024
30,1477,8,16,25,30,34,36,17,5000000,12/11/2024
30,1476,4,14,20,21,23,28,22,15500000,09/11/2024
30,1475,1,2,5,17,18,31,34,13000000,05/11/2024
30,1474,1,19,20,24,32,39,18,10900000,02/11/2024
30,1473,13,15,22,27,36,39,19,9000000,29/10/2024
30,1472,7,8,10,14,15,25,26,7500000,26/10/2024
30,1471,19,20,22,35,36,37,28,6000000,22/10/2024
30,1470,6,12,15,19,27,32,2,5200000,19/10/2024
30,1469,3,4,11,15,17,19,23,5100000,15/10/2024
30,1468,16,20,22,27,33,37,1,5000000,12/10/2024
30,1467,5,6,15,16,24,35,39,6300000,08/10/2024
30,1466,10,13,24,29,35,36,26,5200000,05/10/2024
30,1465,15,24,29,32,36,37,35,5100000,01/10/2024
30,1464,10,13,15,22,23,24,9,5000000,28/09/2024
30,1463,5,25,27,28,33,38,1,27700000,24/09/2024
30,1462,2,7,16,21,32,35,6,24900000,21/09/2024
30,1461,8,11,12,13,26,39,6,22500000,17/09/2024
30,1460,1,8,13,14,15,26,2,20000000,14/09/2024
30,1459,4,14,17,25,26,37,30,17500000,10/09/2024
30,1458,13,19,20,27,33,36,14,15300000,07/09/2024
30,1457,4,6,7,8,20,38,5,13000000,03/09/2024
30,1456,7,16,17,24,32,39,12,11000000,31/08/2024
30,1455,7,11,19,21,29,30,28,9300000,27/08/2024
30,1454,17,22,30,31,33,39,32,7500000,24/08/2024
30,1453,7,16,17,27,38,39,31,5900000,20/08/2024
30,1452,4,12,13,14,22,38,39,5200000,17/08/2024
30,1451,12,17,27,29,37,39,2,5100000,13/08/2024
30,1450,3,6,10,17,26,38,39,5000000,10/08/2024
30,1449,12,19,25,34,36,38,21,5100000,06/08/2024
30,1448,3,11,14,27,28,31,1,5000000,03/08/2024
30,1447,13,20,22,24,25,33,4,5700000,30/07/2024
30,1446,1,2,4,15,16,34,26,5200000,27/07/2024
30,1445,2,21,24,26,28,30,8,5100000,23/07/2024
30,1444,2,8,11,16,30,33,27,5000000,20/07/2024
30,1443,2,14,21,22,24,26,31,17000000,16/07/2024
30,1442,1,15,18,20,26,27,17,14900000,13/07/2024
30,1441,9,11,17,24,26,35,2,13000000,09/07/2024
30,1440,17,20,25,28,29,32,26,10900000,06/07/2024
30,1439,2,6,27,28,30,35,10,9000000,02/07/2024
30,1438,5,7,10,20,30,34,26,7300000,29/06/2024
30,1437,11,14,23,26,30,39,31,5700000,25/06/2024
30,1436,15,24,30,32,34,36,1,5200000,22/06/2024
30,1435,2,11,23,25,33,37,29,5100000,18/06/2024
30,1434,5,10,14,21,32,38,34,5000000,15/06/2024
30,1433,3,7,16,28,32,34,29,5700000,11/06/2024
30,1432,2,18,19,20,21,29,25,5200000,08/06/2024
30,1431,4,11,17,26,27,37,12,5100000,04/06/2024
30,1430,3,5,9,11,14,33,25,5000000,01/06/2024
30,1429,4,8,9,10,19,20,6,5200000,28/05/2024
30,1428,15,18,27,28,31,38,37,5100000,25/05/2024
30,1427,6,14,16,21,23,37,3,5000000,21/05/2024
30,1426,5,7,8,23,32,37,31,11300000,18/05/2024
30,1425,3,9,10,11,33,36,28,9500000,14/05/2024
30,1424,1,11,13,16,31,39,22,7900000,11/05/2024
30,1423,2,6,19,24,37,39,38,6000000,07/05/2024
30,1422,4,17,26,29,34,39,36,5200000,04/05/2024
30,1421,5,6,26,28,36,38,10,5100000,30/04/2024
30,1420,4,6,9,11,23,39,32,5000000,27/04/2024
30,1419,5,10,16,17,20,39,32,5200000,23/04/2024
30,1418,10,15,24,25,29,34,26,5100000,20/04/2024
30,1417,9,12,14,19,27,36,3,5000000,16/04/2024
30,1416,4,9,11,14,20,26,34,5000000,13/04/2024
30,1415,3,11,14,30,31,39,18,26700000,09/04/2024
30,1414,6,8,11,13,14,36,21,24300000,06/04/2024
30,1413,6,15,22,34,37,39,4,22000000,02/04/2024
30,1412,1,5,6,13,14,16,35,19500000,30/03/2024
30,1411,16,19,21,29,30,37,26,17300000,26/03/2024
30,1410,6,7,10,14,24,26,18,15300000,23/03/2024
30,1409,18,19,21,23,24,37,2,13000000,19/03/2024
30,1408,1,2,6,20,28,34,4,11000000,16/03/2024
30,1407,13,18,22,25,29,33,21,9300000,12/03/2024
30,1406,2,4,20,30,31,32,19,7500000,09/03/2024
30,1405,1,4,10,33,34,36,7,5900000,05/03/2024
30,1404,6,7,22,30,34,36,2,5200000,02/03/2024
30,1403,9,11,12,26,30,36,7,5100000,27/02/2024
30,1402,4,10,23,26,29,32,2,5000000,24/02/2024
30,1401,4,9,11,22,31,34,23,27500000,20/02/2024
30,1400,1,4,12,17,21,32,7,24900000,17/02/2024
30,1399,1,14,26,31,35,38,2,21900000,13/02/2024
30,1398,6,9,26,31,34,37,32,19300000,10/02/2024
30,1397,1,5,12,14,26,31,37,17300000,06/02/2024
30,1396,4,8,20,29,30,35,14,14700000,03/02/2024
30,1395,5,8,17,29,38,39,19,12700000,30/01/2024
30,1394,6,8,26,28,31,33,20,10700000,27/01/2024
30,1393,2,3,18,23,28,29,12,8900000,23/01/2024
30,1392,2,6,20,26,30,32,5,7300000,20/01/2024
30,1391,8,12,14,16,19,29,25,5700000,16/01/2024
30,1390,7,10,18,19,24,25,13,5200000,13/01/2024
30,1389,8,16,18,35,37,39,28,5100000,09/01/2024
30,1388,4,10,14,21,28,38,3,5000000,06/01/2024
30,1387,9,16,20,32,34,36,27,11300000,02/01/2024
30,1386,1,13,23,24,26,39,7,9300000,30/12/2023
30,1385,8,15,19,25,33,35,36,7900000,26/12/2023
30,1384,5,11,16,17,22,37,26,6000000,23/12/2023
30,1383,1,6,8,10,22,33,37,5200000,19/12/2023
30,1382,6,14,15,19,31,35,20,5100000,16/12/2023
30,1381,2,4,6,10,19,25,12,5000000,12/12/2023
30,1380,2,17,25,28,29,33,1,5700000,09/12/2023
30,1379,4,17,26,29,32,39,37,5200000,05/12/2023
30,1378,7,13,20,22,29,37,35,5100000,02/12/2023
30,1377,1,9,17,29,33,38,12,5000000,28/11/2023
30,1376,3,4,9,18,19,31,11,13700000,25/11/2023
30,1375,16,25,26,29,33,39,27,11900000,21/11/2023
30,1374,1,4,5,17,28,39,33,10000000,18/11/2023
30,1373,2,18,21,29,32,33,31,8300000,14/11/2023
30,1372,8,13,14,28,29,39,22,6900000,11/11/2023
30,1371,3,20,21,22,26,32,5,5300000,07/11/2023
30,1370,4,7,9,23,29,33,14,5200000,04/11/2023
30,1369,4,7,13,14,24,35,29,5100000,31/10/2023
30,1368,2,11,17,21,31,38,5,5000000,28/10/2023
30,1367,3,12,22,23,33,37,14,6900000,24/10/2023
30,1366,1,4,7,17,29,30,13,5500000,21/10/2023
30,1365,5,6,7,26,27,36,3,5200000,17/10/2023
30,1364,6,8,13,19,21,39,22,5100000,14/10/2023
30,1363,5,8,13,18,27,39,34,5000000,10/10/2023
30,1362,2,7,13,16,31,33,22,10000000,07/10/2023
30,1361,6,7,11,23,32,38,13,8500000,03/10/2023
30,1360,11,14,17,20,27,35,10,6700000,30/09/2023
30,1359,2,15,22,28,37,38,14,5300000,26/09/2023
30,1358,5,7,11,21,25,37,17,5200000,23/09/2023
30,1357,3,9,14,15,21,30,34,5100000,19/09/2023
30,1356,1,5,9,22,35,36,21,5000000,16/09/2023
30,1355,12,17,21,22,24,34,5,8500000,12/09/2023
30,1354,4,9,12,30,32,39,33,7000000,09/09/2023
30,1353,2,16,22,23,35,36,17,5500000,05/09/2023
30,1352,3,15,17,21,23,30,36,5200000,02/09/2023
30,1351,6,9,15,29,33,36,26,5100000,29/08/2023
30,1350,7,13,16,34,38,39,3,5000000,26/08/2023
30,1349,11,22,23,26,28,35,7,5500000,22/08/2023
30,1348,3,4,5,11,33,38,30,5200000,19/08/2023
30,1347,6,7,12,20,24,36,14,5100000,15/08/2023
30,1346,5,8,17,23,31,39,11,5000000,12/08/2023
30,1345,8,27,31,32,37,39,14,8700000,08/08/2023
30,1344,2,3,7,30,31,38,23,6900000,05/08/2023
30,1343,3,19,20,27,28,32,15,5700000,01/08/2023
30,1342,4,8,9,10,15,17,2,5200000,29/07/2023
30,1341,13,16,19,26,31,35,25,5100000,25/07/2023
30,1340,2,5,13,17,23,25,15,5000000,22/07/2023
30,1339,3,5,12,13,24,26,36,7300000,18/07/2023
30,1338,14,17,18,24,32,34,27,5500000,15/07/2023
30,1337,2,3,6,11,16,26,25,5200000,11/07/2023
30,1336,4,5,14,27,30,32,12,5100000,08/07/2023
30,1335,4,17,21,24,29,38,15,5000000,04/07/2023
30,1334,2,14,15,20,26,38,12,15000000,01/07/2023
30,1333,1,7,15,21,28,31,6,13300000,27/06/2023
30,1332,2,4,7,11,17,19,16,11500000,24/06/2023
30,1331,6,11,18,21,24,27,10,9900000,20/06/2023
30,1330,2,10,13,22,28,38,17,8300000,17/06/2023
30,1329,8,10,12,13,25,28,18,6900000,13/06/2023
30,1328,2,8,13,28,29,34,21,5500000,10/06/2023
30,1327,4,24,25,30,32,37,12,5200000,06/06/2023
30,1326,8,10,15,24,27,28,17,5100000,03/06/2023
30,1325,1,5,19,22,27,33,30,5000000,30/05/2023
30,1324,1,8,17,24,27,28,4,8700000,27/05/2023
30,1323,1,7,13,30,33,34,9,7300000,23/05/2023
30,1322,6,22,30,31,33,39,3,5900000,20/05/2023
30,1321,3,5,8,21,30,36,25,5200000,16/05/2023
30,1320,3,19,23,24,36,38,32,5100000,13/05/2023
30,1319,7,17,26,27,28,37,12,5000000,09/05/2023
30,1318,6,12,15,27,28,31,33,14300000,06/05/2023
30,1317,7,12,20,30,32,34,38,12300000,02/05/2023
30,1316,1,8,14,19,31,39,9,10500000,29/04/2023
30,1315,4,8,11,25,31,38,36,8900000,25/04/2023
30,1314,7,8,15,17,20,36,12,7300000,22/04/2023
30,1313,1,7,14,26,31,32,19,5900000,18/04/2023
30,1312,12,17,22,23,25,39,19,5200000,15/04/2023
30,1311,10,21,28,33,36,38,30,5100000,11/04/2023
30,1310,9,23,25,29,31,33,12,5000000,08/04/2023
30,1309,12,22,26,35,36,39,23,40300000,04/04/2023
30,1308,15,18,20,25,34,39,31,37300000,01/04/2023
30,1307,12,21,23,26,35,36,10,34500000,28/03/2023
30,1306,3,6,14,26,30,39,36,31700000,25/03/2023
30,1305,3,4,10,11,13,22,31,29500000,21/03/2023
30,1304,2,8,12,16,17,38,37,26900000,18/03/2023
30,1303,1,6,17,28,32,33,15,24300000,14/03/2023
30,1302,1,9,13,25,31,35,19,22000000,11/03/2023
30,1301,6,15,16,26,32,35,22,19700000,07/03/2023
30,1300,8,17,27,32,34,37,7,17300000,04/03/2023
30,1299,7,15,19,26,29,38,28,15300000,28/02/2023
30,1298,6,12,21,23,26,31,37,13300000,25/02/2023
30,1297,6,7,21,23,29,36,16,11500000,21/02/2023
30,1296,20,23,24,30,33,35,34,9700000,18/02/2023
30,1295,3,8,19,25,34,38,35,8300000,14/02/2023
30,1294,12,15,25,30,32,38,24,6700000,11/02/2023
30,1293,10,12,15,22,27,34,36,5300000,07/02/2023
30,1292,2,7,22,25,27,31,5,5200000,04/02/2023
30,1291,9,14,18,19,25,35,4,5100000,31/01/2023
30,1290,2,3,8,21,23,29,19,5000000,28/01/2023
30,1289,2,11,21,24,29,35,28,8700000,24/01/2023
30,1288,3,12,20,22,29,34,38,7000000,21/01/2023
30,1287,7,21,23,24,26,28,20,5700000,17/01/2023
30,1286,8,13,18,28,34,39,5,5200000,14/01/2023
30,1285,14,19,30,31,35,39,5,5100000,10/01/2023
30,1284,8,13,23,26,36,38,34,5000000,07/01/2023
30,1283,1,4,5,8,21,30,39,13900000,03/01/2023
30,1282,3,8,15,20,31,35,28,11700000,31/12/2022
30,1281,1,3,10,19,27,30,17,9700000,27/12/2022
30,1280,3,4,7,17,21,38,16,8300000,24/12/2022
30,1279,4,8,14,17,33,39,7,7000000,20/12/2022
30,1278,3,5,16,19,26,39,34,5500000,17/12/2022
30,1277,6,10,11,25,33,34,30,5200000,13/12/2022
30,1276,1,2,4,19,32,36,31,5100000,10/12/2022
30,1275,10,12,14,17,26,37,8,5000000,06/12/2022
30,1274,7,14,16,25,30,38,23,6500000,03/12/2022
30,1273,1,4,8,16,26,36,27,5300000,29/11/2022
30,1272,3,6,19,26,34,38,17,5200000,26/11/2022
30,1271,17,18,24,28,30,35,10,5100000,22/11/2022
30,1270,4,7,19,26,31,34,30,5000000,19/11/2022
30,1269,3,11,24,32,34,38,22,5100000,15/11/2022
30,1268,4,8,24,25,26,39,34,5000000,12/11/2022
30,1267,2,7,8,14,15,21,4,13000000,08/11/2022
30,1266,2,14,22,24,26,30,34,10900000,05/11/2022
30,1265,3,15,17,23,31,36,2,9300000,01/11/2022
30,1264,2,8,17,29,36,39,15,7700000,29/10/2022
30,1263,3,22,25,30,36,37,13,6500000,25/10/2022
30,1262,1,7,9,21,33,38,22,5300000,22/10/2022
30,1261,7,8,23,28,31,38,1,5200000,18/10/2022
30,1260,6,12,13,26,36,37,19,5100000,15/10/2022
30,1259,2,15,21,25,32,36,12,5000000,11/10/2022
30,1258,4,5,10,18,20,30,9,6700000,08/10/2022
30,1257,3,17,19,20,21,35,11,5300000,04/10/2022
30,1256,7,19,21,29,33,35,2,5200000,01/10/2022
30,1255,1,8,10,29,31,33,18,5100000,27/09/2022
30,1254,8,15,23,33,37,38,27,5000000,24/09/2022
30,1253,4,8,9,19,24,27,15,32300000,20/09/2022
30,1252,3,6,7,8,31,37,30,29700000,17/09/2022
30,1251,6,10,15,21,23,33,13,28000000,13/09/2022
30,1250,2,3,13,14,17,24,19,26000000,10/09/2022
30,1249,6,8,20,30,31,32,38,23700000,06/09/2022
30,1248,8,11,16,21,27,38,32,21500000,03/09/2022
30,1247,3,14,17,18,24,38,8,19700000,30/08/2022
30,1246,4,6,11,25,26,38,9,17900000,27/08/2022
30,1245,2,3,14,17,30,38,26,16000000,23/08/2022
30,1244,9,15,20,27,28,38,34,14300000,20/08/2022
30,1243,3,4,6,12,22,24,39,12700000,16/08/2022
30,1242,2,14,18,20,29,37,28,11000000,13/08/2022
30,1241,6,8,12,34,38,39,29,9300000,09/08/2022
30,1240,10,17,21,23,28,39,9,7900000,06/08/2022
30,1239,5,7,23,26,27,34,32,6500000,02/08/2022
30,1238,8,9,13,21,24,29,7,5300000,30/07/2022
30,1237,5,7,13,19,37,38,32,5200000,26/07/2022
30,1236,1,11,15,32,36,39,27,5100000,23/07/2022
30,1235,4,7,12,23,26,37,38,5000000,19/07/2022
30,1234,1,7,10,23,33,38,15,9300000,16/07/2022
30,1233,5,13,23,26,27,30,22,8000000,12/07/2022
30,1232,5,6,14,21,23,25,33,6700000,09/07/2022
30,1231,8,10,28,30,35,37,22,5300000,05/07/2022
30,1230,13,18,20,23,29,37,22,5200000,02/07/2022
30,1229,1,4,15,20,33,39,13,5100000,28/06/2022
30,1228,5,9,16,17,32,33,15,5000000,25/06/2022
30,1227,6,7,9,12,31,39,38,6700000,21/06/2022
30,1226,23,26,34,35,37,39,13,5300000,18/06/2022
30,1225,3,11,14,26,29,37,30,5200000,14/06/2022
30,1224,3,6,9,14,21,26,4,5100000,11/06/2022
30,1223,9,22,23,26,27,30,20,5000000,07/06/2022
30,1222,4,8,17,19,22,38,35,21000000,04/06/2022
30,1221,16,18,25,28,29,31,26,19000000,31/05/2022
30,1220,7,10,17,18,29,32,21,17300000,28/05/2022
30,1219,4,12,17,18,25,26,27,15500000,24/05/2022
30,1218,3,10,17,25,31,36,37,13700000,21/05/2022
30,1217,2,11,13,20,23,29,26,12000000,17/05/2022
30,1216,18,26,27,28,29,31,17,10500000,14/05/2022
30,1215,17,18,19,30,31,38,10,9000000,10/05/2022
30,1214,6,8,9,13,27,37,19,7700000,07/05/2022
30,1213,9,21,23,25,33,36,39,6300000,03/05/2022
30,1212,5,9,15,20,30,37,18,5300000,30/04/2022
30,1211,8,11,13,17,30,32,16,5200000,26/04/2022
30,1210,4,14,21,23,27,32,26,5100000,23/04/2022
30,1209,6,8,22,26,34,38,24,5000000,19/04/2022
30,1208,4,6,21,24,28,31,20,6300000,16/04/2022
30,1207,5,6,19,20,35,38,7,5300000,12/04/2022
30,1206,8,14,18,27,30,33,37,5200000,09/04/2022
30,1205,10,11,18,22,23,28,14,5100000,05/04/2022
30,1204,2,5,15,24,32,37,19,5000000,02/04/2022
30,1203,6,11,26,27,33,36,2,21000000,29/03/2022
30,1202,1,5,8,10,12,31,3,19300000,26/03/2022
30,1201,4,9,10,23,25,32,12,17700000,22/03/2022
30,1200,1,4,7,15,22,32,13,16000000,19/03/2022
30,1199,6,10,24,28,33,36,32,14300000,15/03/2022
30,1198,10,15,17,26,35,37,27,12700000,12/03/2022
30,1197,1,12,13,20,33,35,28,11000000,08/03/2022
30,1196,2,3,7,10,18,24,26,9300000,05/03/2022
30,1195,13,15,18,21,25,35,32,8000000,01/03/2022
30,1194,2,10,14,16,21,27,37,6700000,26/02/2022
30,1193,3,4,7,22,24,39,26,5300000,22/02/2022
30,1192,2,12,16,17,18,30,19,5200000,19/02/2022
30,1191,6,12,18,22,27,35,29,5100000,15/02/2022
30,1190,9,10,11,28,31,39,34,5000000,12/02/2022
30,1189,6,18,26,27,29,37,7,28700000,08/02/2022
30,1188,2,3,10,12,15,39,22,26500000,05/02/2022
30,1187,9,16,26,28,33,35,20,24300000,01/02/2022
30,1186,2,3,12,19,22,36,7,22300000,29/01/2022
30,1185,1,4,8,24,31,38,2,20500000,25/01/2022
30,1184,2,3,6,12,16,23,30,18700000,22/01/2022
30,1183,1,4,16,19,27,37,8,16900000,18/01/2022
30,1182,2,14,22,24,32,33,17,15000000,15/01/2022
30,1181,1,5,19,26,31,34,39,13300000,11/01/2022
30,1180,3,10,13,19,29,31,30,11500000,08/01/2022
30,1179,2,3,11,30,32,34,19,10000000,04/01/2022
30,1178,3,11,12,14,28,32,9,8300000,01/01/2022
30,1177,11,16,23,24,26,37,29,6500000,28/12/2021
30,1176,5,6,22,34,35,38,11,6000000,25/12/2021
30,1175,12,14,15,30,33,37,13,5300000,21/12/2021
30,1174,2,5,17,18,19,38,31,5200000,18/12/2021
30,1173,2,5,8,21,26,37,28,5100000,14/12/2021
30,1172,4,7,13,18,25,36,26,5000000,11/12/2021
30,1171,6,9,13,24,26,35,1,6300000,07/12/2021
30,1170,8,11,13,16,25,31,33,5300000,04/12/2021
30,1169,6,17,23,32,37,39,5,5200000,30/11/2021
30,1168,13,18,25,29,32,38,10,5100000,27/11/2021
30,1167,1,5,7,10,28,29,18,5000000,23/11/2021
30,1166,3,13,15,17,18,21,6,13500000,20/11/2021
30,1165,6,9,18,21,29,31,5,11900000,16/11/2021
30,1164,1,7,15,30,31,34,14,10300000,13/11/2021
30,1163,9,18,22,23,36,37,38,8700000,09/11/2021
30,1162,2,12,17,28,34,39,26,7000000,06/11/2021
30,1161,2,9,23,32,33,35,4,5400000,02/11/2021
30,1160,4,15,17,19,22,37,23,5300000,30/10/2021
30,1159,13,21,23,29,30,35,19,5200000,26/10/2021
30,1158,1,3,25,27,37,39,12,5100000,23/10/2021
30,1157,15,23,26,31,35,37,25,5000000,19/10/2021
30,1156,3,5,14,20,22,39,1,5300000,16/10/2021
30,1155,13,17,21,22,28,33,26,5200000,12/10/2021
30,1154,12,13,16,26,30,33,25,5100000,09/10/2021
30,1153,1,5,13,21,30,35,27,5000000,05/10/2021
30,1152,6,10,12,13,20,35,9,10300000,02/10/2021
30,1151,3,4,12,19,23,37,18,9000000,28/09/2021
30,1150,7,14,21,24,34,36,25,7500000,25/09/2021
30,1149,13,17,25,28,38,39,23,6300000,21/09/2021
30,1148,1,8,21,22,34,37,31,5300000,18/09/2021
30,1147,11,18,25,27,31,39,36,5200000,14/09/2021
30,1146,1,4,7,10,28,29,16,5100000,11/09/2021
30,1145,10,11,26,35,38,39,5,5000000,07/09/2021
30,1144,2,4,14,26,30,37,23,5200000,04/09/2021
30,1143,2,7,21,31,37,39,4,5100000,31/08/2021
30,1142,1,6,10,24,28,31,36,5000000,28/08/2021
30,1141,1,3,9,21,24,33,30,9000000,24/08/2021
30,1140,1,3,14,18,31,34,5,7300000,21/08/2021
30,1139,10,28,29,30,31,39,1,5700000,17/08/2021
30,1138,4,11,14,21,27,30,24,5300000,14/08/2021
30,1137,1,3,21,23,35,37,10,5200000,10/08/2021
30,1136,14,17,25,32,37,39,15,5100000,07/08/2021
30,1135,1,3,9,22,24,27,29,5000000,03/08/2021
30,1134,5,6,8,26,29,39,15,5000000,31/07/2021
30,1133,2,4,15,22,31,38,24,5300000,27/07/2021
30,1132,3,27,31,32,34,38,20,5200000,24/07/2021
30,1131,2,3,4,6,16,37,12,5100000,20/07/2021
30,1130,2,18,26,28,32,37,24,5000000,17/07/2021
30,1129,2,9,20,21,27,37,17,5200000,13/07/2021
30,1128,4,12,20,35,36,38,8,5100000,10/07/2021
30,1127,4,7,17,23,29,37,36,5000000,06/07/2021
30,1126,1,3,24,29,33,38,36,18000000,03/07/2021
30,1125,8,14,17,29,31,34,37,16500000,29/06/2021
30,1124,2,7,20,24,32,33,3,14700000,26/06/2021
30,1123,12,17,31,36,37,39,25,13300000,22/06/2021
30,1122,9,17,20,30,31,38,26,11700000,19/06/2021
30,1121,3,20,25,28,34,38,35,10000000,15/06/2021
30,1120,3,11,15,24,29,38,28,8700000,12/06/2021
30,1119,3,10,14,19,29,36,35,7500000,08/06/2021
30,1118,10,12,13,14,30,39,23,6000000,05/06/2021
30,1117,6,14,15,19,25,31,11,5300000,01/06/2021
30,1116,1,11,18,23,31,39,17,5200000,29/05/2021
30,1115,7,10,17,20,29,31,8,5100000,25/05/2021
30,1114,3,10,17,25,29,37,6,5000000,22/05/2021
30,1113,9,20,28,34,38,39,1,7300000,18/05/2021
30,1112,11,18,26,35,36,39,23,5900000,15/05/2021
30,1111,12,18,21,33,35,37,39,5300000,11/05/2021
30,1110,6,11,25,27,31,38,13,5200000,08/05/2021
30,1109,6,15,26,32,35,39,11,5100000,04/05/2021
30,1108,23,28,29,30,32,38,33,5000000,01/05/2021
30,1107,5,7,8,12,27,31,14,5000000,27/04/2021
30,1106,14,17,25,29,36,38,33,5100000,24/04/2021
30,1105,1,8,10,17,22,28,16,5000000,20/04/2021
30,1104,11,27,29,34,35,37,3,21000000,17/04/2021
30,1103,13,22,25,28,35,36,33,19300000,13/04/2021
30,1102,6,7,10,12,17,18,3,17700000,10/04/2021
30,1101,3,6,9,28,29,30,15,16000000,06/04/2021
30,1100,3,25,28,30,33,36,24,14400000,03/04/2021
30,1099,5,7,9,13,19,31,17,13100000,30/03/2021
30,1098,8,11,18,23,24,30,20,11700000,27/03/2021
30,1097,1,9,10,13,24,34,39,10300000,23/03/2021
30,1096,3,6,7,22,30,35,14,8800000,20/03/2021
30,1095,6,8,9,12,33,38,30,7500000,16/03/2021
30,1094,9,10,22,25,31,36,35,6000000,13/03/2021
30,1093,7,8,12,31,32,39,13,5300000,09/03/2021
30,1092,5,12,16,27,34,39,36,5200000,06/03/2021
30,1091,4,8,15,23,27,30,36,5100000,02/03/2021
30,1090,18,20,32,33,34,37,7,5000000,27/02/2021
30,1089,8,11,15,27,29,38,28,22300000,23/02/2021
30,1088,5,7,16,25,27,31,10,20500000,20/02/2021
30,1087,11,12,23,25,29,30,27,19000000,16/02/2021
30,1086,15,20,21,28,37,39,36,17300000,13/02/2021
30,1085,9,17,21,25,31,38,19,15800000,09/02/2021
30,1084,2,8,16,19,37,39,36,14000000,06/02/2021
30,1083,3,4,15,16,28,35,5,12700000,02/02/2021
30,1082,6,10,12,20,27,31,36,11000000,30/01/2021
30,1081,8,24,29,31,32,33,27,9700000,26/01/2021
30,1080,16,18,24,34,35,36,21,8300000,23/01/2021
30,1079,3,10,27,32,35,36,16,7000000,19/01/2021
30,1078,6,15,22,23,30,38,19,5800000,16/01/2021
30,1077,11,17,19,20,27,29,24,5300000,12/01/2021
30,1076,10,20,27,31,34,35,7,5200000,09/01/2021
30,1075,7,13,21,23,24,31,22,5100000,05/01/2021
30,1074,3,10,20,26,32,37,36,5000000,02/01/2021
30,1073,10,11,27,29,31,36,23,5000000,29/12/2020
30,1072,1,4,16,17,19,38,36,7000000,26/12/2020
30,1071,4,16,20,28,33,35,37,5900000,22/12/2020
30,1070,7,9,23,30,33,38,3,5300000,19/12/2020
30,1069,13,14,21,28,36,39,23,5200000,15/12/2020
30,1068,6,11,23,31,32,35,24,5100000,12/12/2020
30,1067,15,19,27,34,38,39,3,5000000,08/12/2020
30,1066,1,3,12,23,29,30,14,11600000,05/12/2020
30,1065,5,6,17,20,30,37,15,10300000,01/12/2020
30,1064,3,8,10,11,25,39,38,8900000,28/11/2020
30,1063,1,3,4,20,22,33,23,7700000,24/11/2020
30,1062,3,4,6,8,30,31,22,6500000,21/11/2020
30,1061,3,13,17,31,33,38,24,5500000,17/11/2020
30,1060,4,10,17,30,31,39,8,5300000,14/11/2020
30,1059,4,8,16,19,25,27,3,5200000,10/11/2020
30,1058,6,7,17,19,21,31,16,5100000,07/11/2020
30,1057,2,10,15,21,28,31,5,5000000,03/11/2020
30,1056,7,8,11,27,34,39,32,5000000,31/10/2020
30,1055,2,6,24,33,35,36,37,5200000,27/10/2020
30,1054,6,9,22,25,32,36,19,5100000,24/10/2020
30,1053,2,5,9,13,19,31,35,5000000,20/10/2020
30,1052,3,4,21,22,24,37,16,12000000,17/10/2020
30,1051,12,19,23,27,34,37,20,10800000,13/10/2020
30,1050,4,7,8,15,20,23,25,9500000,10/10/2020
30,1049,4,9,18,29,30,38,21,8300000,06/10/2020
30,1048,1,13,19,35,36,38,21,7100000,03/10/2020
30,1047,1,13,15,17,25,37,7,6000000,29/09/2020
30,1046,2,6,7,12,18,29,25,5400000,26/09/2020
30,1045,4,8,12,13,14,29,26,5300000,22/09/2020
30,1044,18,19,28,29,32,37,25,5200000,19/09/2020
30,1043,4,11,13,17,28,38,25,5100000,15/09/2020
30,1042,3,17,20,25,35,39,8,5000000,12/09/2020
30,1041,10,12,23,27,33,36,26,5400000,08/09/2020
30,1040,16,21,26,28,31,34,11,5300000,05/09/2020
30,1039,8,12,15,20,23,35,1,5200000,01/09/2020
30,1038,1,10,18,19,27,34,36,5100000,29/08/2020
30,1037,2,6,11,27,32,37,17,5000000,25/08/2020
30,1036,3,4,31,32,34,36,13,13000000,22/08/2020
30,1035,4,8,16,22,27,33,18,11900000,18/08/2020
30,1034,6,10,11,17,20,33,15,10800000,15/08/2020
30,1033,3,13,18,20,26,32,22,9800000,11/08/2020
30,1032,11,20,22,25,31,38,4,8600000,08/08/2020
30,1031,2,7,8,11,27,30,24,7600000,04/08/2020
30,1030,12,13,20,25,26,27,24,6600000,01/08/2020
30,1029,1,2,3,5,13,16,6,5900000,28/07/2020
30,1028,10,19,20,21,24,25,39,5800000,25/07/2020
30,1027,1,4,9,21,24,25,34,5700000,31/03/2020
30,1026,5,14,22,25,35,39,27,5300000,28/03/2020
30,1025,12,13,20,25,26,35,38,5200000,24/03/2020
30,1024,3,18,19,22,26,32,5,5100000,21/03/2020
30,1023,4,7,11,23,25,33,20,5000000,17/03/2020
30,1022,9,18,32,37,38,39,13,5000000,14/03/2020
30,1021,9,21,30,32,34,35,14,10300000,10/03/2020
30,1020,4,7,23,31,33,35,29,8900000,07/03/2020
30,1019,11,14,17,18,24,29,15,7500000,03/03/2020
30,1018,7,16,18,22,25,26,19,6200000,29/02/2020
30,1017,1,6,9,13,15,19,35,5300000,25/02/2020
30,1016,4,5,16,29,31,32,6,5200000,22/02/2020
30,1015,7,13,21,25,30,33,24,5100000,18/02/2020
30,1014,3,15,20,22,26,29,33,5000000,15/02/2020
30,1013,1,9,14,27,30,37,26,9400000,11/02/2020
30,1012,2,5,7,10,21,39,29,7900000,08/02/2020
30,1011,10,12,16,23,26,30,32,6600000,04/02/2020
30,1010,19,23,26,31,35,36,24,5300000,01/02/2020
30,1009,1,5,12,24,29,37,10,5200000,28/01/2020
30,1008,24,30,34,37,38,39,23,5100000,25/01/2020
30,1007,4,16,26,28,31,33,2,5000000,21/01/2020
30,1006,3,10,18,21,26,27,28,5400000,18/01/2020
30,1005,4,14,15,21,28,37,32,5200000,14/01/2020
30,1004,4,11,24,25,26,39,20,5100000,11/01/2020
30,1003,2,4,10,28,33,39,3,5000000,07/01/2020
30,1002,13,14,21,30,31,33,22,36900000,04/01/2020
30,1001,10,14,16,29,33,35,31,35000000,31/12/2019
30,1000,2,4,5,14,34,39,36,32900000,28/12/2019
30,999,15,26,34,37,38,39,10,31400000,24/12/2019
30,998,6,10,11,26,27,29,21,29600000,21/12/2019
30,997,1,8,13,14,20,28,19,27800000,17/12/2019
30,996,5,12,14,32,34,39,19,25900000,14/12/2019
30,995,8,10,11,15,25,38,29,24200000,10/12/2019
30,994,3,7,14,19,22,38,33,22400000,07/12/2019
30,993,1,4,11,12,27,36,24,20800000,03/12/2019
30,992,1,2,3,6,18,34,11,19000000,30/11/2019
30,991,6,19,22,27,37,38,2,17400000,26/11/2019
30,990,2,8,13,27,36,37,3,16000000,23/11/2019
30,989,7,8,11,26,36,38,3,14500000,19/11/2019
30,988,1,4,7,23,25,27,8,12800000,16/11/2019
30,987,2,4,11,14,22,33,21,11500000,12/11/2019
30,986,1,17,25,30,32,33,21,10000000,09/11/2019
30,985,7,9,13,17,24,34,26,8600000,05/11/2019
30,984,4,5,10,15,26,27,7,7400000,02/11/2019
30,983,1,11,13,28,33,36,2,6400000,29/10/2019
30,982,2,4,8,10,14,16,30,5300000,26/10/2019
30,981,6,9,21,25,31,35,4,5200000,22/10/2019
30,980,1,9,12,15,33,34,23,5100000,19/10/2019
30,979,4,15,17,18,23,36,13,5000000,15/10/2019
30,978,18,19,28,29,31,33,27,52000000,12/10/2019
30,977,8,10,13,15,32,34,37,49900000,08/10/2019
30,976,5,7,10,11,27,30,16,47900000,05/10/2019
30,975,3,10,14,23,26,33,13,45800000,01/10/2019
30,974,12,14,18,22,23,30,31,43600000,28/09/2019
30,973,1,10,12,18,20,24,34,41500000,24/09/2019
30,972,3,10,13,18,26,34,33,39500000,21/09/2019
30,971,3,12,13,17,25,37,10,37900000,17/09/2019
30,970,5,17,20,28,30,36,25,35900000,14/09/2019
30,969,17,22,26,27,36,38,39,34200000,10/09/2019
30,968,6,21,22,30,32,38,8,32400000,07/09/2019
30,967,1,15,33,35,38,39,32,30500000,03/09/2019
30,966,2,8,15,30,32,37,31,28500000,31/08/2019
30,965,1,9,11,14,20,22,7,27000000,27/08/2019
30,964,5,6,12,16,36,37,26,25500000,24/08/2019
30,963,16,17,19,25,26,37,30,23900000,20/08/2019
30,962,5,6,27,29,34,35,26,22300000,17/08/2019
30,961,7,8,15,25,31,35,11,20700000,13/08/2019
30,960,9,14,17,30,36,37,11,19200000,10/08/2019
30,959,4,6,7,15,16,25,34,17800000,06/08/2019
30,958,8,10,17,18,36,39,33,16000000,03/08/2019
30,957,23,24,25,26,28,30,19,14800000,30/07/2019
30,956,13,15,26,32,38,39,9,13400000,27/07/2019
30,955,2,7,14,15,30,36,28,12200000,23/07/2019
30,954,3,11,21,23,24,38,35,10800000,20/07/2019
30,953,20,26,29,31,37,38,22,9400000,16/07/2019
30,952,1,4,10,26,27,33,7,8000000,13/07/2019
30,951,1,3,4,12,17,32,16,7000000,09/07/2019
30,950,7,12,17,21,24,37,14,5800000,06/07/2019
30,949,17,20,22,24,29,31,11,5300000,02/07/2019
30,948,1,8,12,17,18,23,31,5200000,29/06/2019
30,947,4,6,9,16,27,33,24,5100000,25/06/2019
30,946,6,8,18,21,23,32,4,5000000,22/06/2019
30,945,1,8,23,24,29,37,38,5300000,18/06/2019
30,944,2,25,27,31,33,38,9,5200000,15/06/2019
30,943,4,6,11,23,28,35,22,5100000,11/06/2019
30,942,2,3,6,9,21,34,31,5000000,08/06/2019
30,941,1,7,12,25,29,35,15,5000000,04/06/2019
30,940,2,7,14,19,24,37,5,5200000,01/06/2019
30,939,5,13,21,22,23,36,8,5100000,28/05/2019
30,938,3,6,17,24,25,33,5,5000000,25/05/2019
30,937,8,10,14,22,29,36,7,21800000,21/05/2019
30,936,2,4,11,22,26,35,31,20200000,18/05/2019
30,935,8,22,23,24,35,37,17,18800000,14/05/2019
30,934,8,9,11,16,21,32,31,17400000,11/05/2019
30,933,2,6,11,26,37,38,21,16000000,07/05/2019
30,932,12,13,26,29,35,39,15,14600000,04/05/2019
30,931,9,13,16,19,30,39,12,13300000,30/04/2019
30,930,2,7,17,22,32,36,27,12000000,27/04/2019
30,929,10,12,18,28,32,37,19,10500000,23/04/2019
30,928,9,12,26,28,31,36,20,9300000,20/04/2019
30,927,4,10,13,14,16,25,6,8300000,16/04/2019
30,926,4,10,30,37,38,39,35,7200000,13/04/2019
30,925,2,3,28,33,38,39,5,6000000,09/04/2019
30,924,4,5,8,15,34,35,32,5300000,06/04/2019
30,923,1,9,19,23,25,29,30,5200000,02/04/2019
30,922,11,13,23,30,31,33,37,5100000,30/03/2019
30,921,1,2,4,6,20,28,18,5000000,26/03/2019
30,920,2,7,8,9,24,28,22,5100000,23/03/2019
30,919,9,13,19,27,33,36,7,5000000,19/03/2019
30,918,2,5,8,25,35,38,39,46500000,16/03/2019
30,917,4,6,13,14,21,32,22,44700000,12/03/2019
30,916,1,6,10,18,32,37,27,42700000,09/03/2019
30,915,9,16,17,20,24,39,13,41000000,05/03/2019
30,914,7,8,11,14,26,38,18,39000000,02/03/2019
30,913,5,6,7,9,25,32,27,37600000,26/02/2019
30,912,7,8,15,16,24,28,18,36000000,23/02/2019
30,911,6,9,10,11,13,21,15,34300000,19/02/2019
30,910,10,20,21,25,35,39,3,32600000,16/02/2019
30,909,5,6,11,20,28,29,17,31000000,12/02/2019
30,908,2,12,13,20,23,29,10,29400000,09/02/2019
30,907,8,9,17,20,25,30,37,27800000,05/02/2019
30,906,7,8,10,19,20,30,29,26000000,02/02/2019
30,905,2,19,23,28,29,35,12,24600000,29/01/2019
30,904,2,5,12,14,25,29,30,23000000,26/01/2019
30,903,9,10,12,21,27,38,26,21600000,22/01/2019
30,902,4,5,6,14,21,35,32,20000000,19/01/2019
30,901,9,11,13,14,23,30,6,18700000,15/01/2019
30,900,17,18,25,27,34,36,1,17300000,12/01/2019
30,899,8,18,24,26,27,39,35,16000000,08/01/2019
30,898,16,20,24,26,27,29,1,14500000,05/01/2019
30,897,4,5,6,8,14,32,38,13000000,01/01/2019
30,896,10,16,28,29,32,33,36,11700000,29/12/2018
30,895,6,8,22,24,30,34,5,10900000,25/12/2018
30,894,2,4,5,8,15,34,13,9600000,22/12/2018
30,893,1,22,25,27,29,33,23,8800000,18/12/2018
30,892,4,15,21,23,25,32,26,7600000,15/12/2018
30,891,2,8,21,22,30,34,9,6400000,11/12/2018
30,890,2,9,10,19,26,30,14,5400000,08/12/2018
30,889,6,9,12,25,33,37,26,5300000,04/12/2018
30,888,7,19,21,28,38,39,6,5200000,01/12/2018
30,887,8,15,19,32,35,37,17,5100000,27/11/2018
30,886,10,12,23,28,35,36,19,5000000,24/11/2018
30,885,1,8,14,15,18,38,31,5000000,20/11/2018
30,884,1,3,15,22,24,27,16,5300000,17/11/2018
30,883,3,13,15,24,30,32,16,5200000,13/11/2018
30,882,1,9,11,22,26,32,6,5100000,10/11/2018
30,881,15,16,21,22,27,29,19,5000000,06/11/2018
30,880,5,19,25,34,35,39,31,5200000,03/11/2018
30,879,15,21,29,34,38,39,32,5100000,30/10/2018
30,878,11,14,16,29,36,37,25,5000000,27/10/2018
30,877,13,14,28,31,33,37,6,11200000,23/10/2018
30,876,18,24,25,28,31,38,9,10000000,20/10/2018
30,875,8,16,20,21,26,36,6,8900000,16/10/2018
30,874,15,20,24,29,31,39,4,7700000,13/10/2018
30,873,9,13,19,26,32,37,6,6600000,09/10/2018
30,872,1,8,13,14,19,35,38,5400000,06/10/2018
30,871,3,7,10,17,18,20,8,5300000,02/10/2018
30,870,10,14,24,26,29,30,32,5200000,29/09/2018
30,869,7,13,16,26,29,39,14,5100000,25/09/2018
30,868,6,9,14,15,16,30,7,5000000,22/09/2018
30,867,1,6,9,11,21,31,5,15900000,18/09/2018
30,866,3,13,19,29,30,38,18,14500000,15/09/2018
30,865,6,10,11,35,37,38,14,13300000,11/09/2018
30,864,3,4,7,25,31,35,11,12000000,08/09/2018
30,863,4,14,24,32,34,39,10,10800000,04/09/2018
30,862,2,13,25,27,29,39,15,9600000,01/09/2018
30,861,2,4,6,21,27,31,25,8500000,28/08/2018
30,860,1,7,12,25,31,34,13,7500000,25/08/2018
30,859,9,14,24,26,31,37,13,6400000,21/08/2018
30,858,7,9,22,26,27,37,35,5400000,18/08/2018
30,857,11,14,18,23,24,30,27,5300000,14/08/2018
30,856,6,21,23,26,29,31,3,5200000,11/08/2018
30,855,2,10,18,19,30,37,31,5100000,07/08/2018
30,854,8,12,15,22,25,37,17,5000000,04/08/2018
30,853,3,15,16,18,25,34,1,5200000,31/07/2018
30,852,6,9,10,17,23,37,14,5100000,28/07/2018
30,851,2,5,16,23,35,36,29,5000000,24/07/2018
30,850,6,7,9,13,14,26,12,22300000,21/07/2018
30,849,1,4,7,11,25,39,24,20900000,17/07/2018
30,848,2,11,14,15,19,26,9,19500000,14/07/2018
30,847,2,18,26,31,33,35,5,18300000,10/07/2018
30,846,2,26,28,31,33,37,21,17000000,07/07/2018
30,845,2,3,4,11,15,29,19,15700000,03/07/2018
30,844,1,9,11,14,32,38,24,14300000,30/06/2018
30,843,15,17,23,25,35,39,3,13000000,26/06/2018
30,842,2,3,12,14,28,39,17,12000000,23/06/2018
30,841,1,8,18,22,26,34,29,10800000,19/06/2018
30,840,8,21,24,30,32,38,28,9500000,16/06/2018
30,839,6,11,18,20,31,35,26,8500000,12/06/2018
30,838,5,6,12,13,15,21,38,7400000,09/06/2018
30,837,4,16,19,29,32,35,11,6200000,05/06/2018
30,836,3,8,13,19,28,32,27,5400000,02/06/2018
30,835,3,12,15,23,32,36,8,5300000,29/05/2018
30,834,7,12,13,16,30,39,22,5200000,26/05/2018
30,833,3,9,25,30,36,39,19,5100000,22/05/2018
30,832,4,12,13,23,24,25,29,5000000,19/05/2018
30,831,6,7,11,27,32,33,34,34700000,15/05/2018
30,830,16,18,26,27,29,38,6,33000000,12/05/2018
30,829,2,11,18,19,27,30,23,31500000,08/05/2018
30,828,1,5,6,24,28,39,16,29800000,05/05/2018
30,827,1,14,18,21,29,39,5,28500000,01/05/2018
30,826,3,7,12,16,17,19,20,27000000,28/04/2018
30,825,3,9,12,15,21,36,33,25700000,24/04/2018
30,824,3,16,18,31,36,38,37,24300000,21/04/2018
30,823,9,16,22,25,30,31,33,22900000,17/04/2018
30,822,2,4,9,19,22,37,26,21400000,14/04/2018
30,821,2,8,28,32,36,39,5,20200000,10/04/2018
30,820,2,3,8,16,20,30,31,18600000,07/04/2018
30,819,6,11,19,26,30,37,22,17400000,03/04/2018
30,818,3,5,23,28,33,34,2,16300000,31/03/2018
30,817,2,6,11,18,27,32,5,15200000,27/03/2018
30,816,14,22,25,26,29,36,3,14000000,24/03/2018
30,815,1,12,14,26,28,30,32,12800000,20/03/2018
30,814,3,13,16,24,29,37,26,11600000,17/03/2018
30,813,1,3,11,16,20,22,29,10500000,13/03/2018
30,812,3,22,25,28,30,36,10,9500000,10/03/2018
30,811,5,7,13,26,30,33,31,8500000,06/03/2018
30,810,10,17,28,34,36,38,26,7100000,03/03/2018
30,809,3,13,17,27,36,37,29,6000000,27/02/2018
30,808,8,12,13,15,24,26,16,5400000,24/02/2018
30,807,12,26,29,33,37,38,5,5300000,20/02/2018
30,806,4,9,24,25,34,38,39,5200000,17/02/2018
30,805,8,9,14,19,27,34,39,5100000,13/02/2018
30,804,5,19,23,28,29,39,35,5000000,10/02/2018
30,803,2,5,21,27,28,36,31,5200000,06/02/2018
30,802,2,4,8,33,34,36,26,5100000,03/02/2018
30,801,10,12,15,19,20,21,29,5000000,30/01/2018
30,800,7,8,12,23,26,29,3,9500000,27/01/2018
30,799,12,18,23,24,28,32,15,8500000,23/01/2018
30,798,9,14,15,26,34,37,23,7500000,20/01/2018
30,797,8,15,23,25,30,36,33,6500000,16/01/2018
30,796,11,13,16,27,36,39,29,5400000,13/01/2018
30,795,2,10,13,35,36,38,17,5300000,09/01/2018
30,794,5,14,20,26,30,37,24,5200000,06/01/2018
30,793,2,6,8,14,19,29,5,5100000,02/01/2018
30,792,5,7,8,9,27,28,16,5000000,30/12/2017
30,791,3,8,20,25,31,34,22,35000000,26/12/2017
30,790,3,4,5,10,17,29,25,33000000,23/12/2017
30,789,2,6,7,11,26,31,18,31700000,19/12/2017
30,788,2,6,15,24,31,36,37,30000000,16/12/2017
30,787,5,12,18,33,34,38,11,28600000,12/12/2017
30,786,9,10,14,20,23,36,5,27000000,09/12/2017
30,785,1,4,5,12,17,36,26,25500000,05/12/2017
30,784,12,15,23,33,37,39,6,24000000,02/12/2017
30,783,4,10,22,27,30,35,19,23000000,28/11/2017
30,782,5,6,20,22,24,26,3,21500000,25/11/2017
30,781,1,7,10,14,22,36,17,20500000,21/11/2017
30,780,3,15,20,24,31,39,10,19000000,18/11/2017
30,779,10,18,19,21,32,39,35,18000000,14/11/2017
30,778,10,16,18,19,23,38,8,16500000,11/11/2017
30,777,7,13,23,24,32,34,12,15500000,07/11/2017
30,776,7,16,21,29,38,39,12,14500000,04/11/2017
30,775,4,11,17,23,30,36,31,13500000,31/10/2017
30,774,2,3,13,15,33,34,19,12000000,28/10/2017
30,773,10,11,15,16,34,38,8,11000000,24/10/2017
30,772,4,19,23,26,30,34,17,10000000,21/10/2017
30,771,5,12,18,23,26,38,3,9000000,17/10/2017
30,770,7,12,20,25,26,29,3,8000000,14/10/2017
30,769,1,4,9,14,16,36,3,7000000,10/10/2017
30,768,16,22,26,32,33,38,31,6000000,07/10/2017
30,767,6,9,13,20,35,37,32,5500000,03/10/2017
30,766,6,21,22,26,27,34,30,5400000,30/09/2017
30,765,9,13,26,28,33,38,7,5300000,26/09/2017
30,764,15,20,21,24,32,33,14,5200000,23/09/2017
30,763,12,21,25,27,29,32,38,5100000,19/09/2017
30,762,4,7,13,23,25,33,21,5000000,16/09/2017
30,761,2,13,19,25,37,38,15,5000000,12/09/2017
30,760,1,4,7,15,23,29,20,13000000,09/09/2017
30,759,1,8,9,11,30,35,34,12000000,05/09/2017
30,758,6,8,10,25,36,39,11,10500000,02/09/2017
30,757,3,10,15,18,36,39,38,9500000,29/08/2017
30,756,1,13,22,31,32,34,10,8500000,26/08/2017
30,755,5,9,12,19,28,33,29,7500000,22/08/2017
30,754,4,6,10,11,16,19,32,6500000,19/08/2017
30,753,2,5,7,16,18,38,33,5500000,15/08/2017
30,752,5,22,26,29,33,34,13,5400000,12/08/2017
30,751,15,23,26,27,33,34,14,5300000,08/08/2017
30,750,14,16,24,32,36,37,2,5200000,05/08/2017
30,749,6,9,11,27,28,38,8,5100000,01/08/2017
30,748,2,3,7,8,11,16,30,5000000,29/07/2017
30,747,4,8,11,22,36,37,10,5000000,25/07/2017
30,746,9,11,19,27,33,37,7,11500000,22/07/2017
30,745,14,15,21,25,36,39,34,10500000,18/07/2017
30,744,2,4,7,10,11,18,20,9500000,15/07/2017
30,743,12,20,23,27,31,39,25,8500000,11/07/2017
30,742,2,6,7,13,16,23,26,7500000,08/07/2017
30,741,2,8,22,30,34,36,39,6500000,04/07/2017
30,740,3,13,15,27,33,39,16,5500000,01/07/2017
30,739,17,20,22,29,31,34,15,5400000,27/06/2017
30,738,2,7,14,16,23,27,35,5300000,24/06/2017
30,737,8,16,20,28,30,34,39,5200000,20/06/2017
30,736,2,4,11,14,25,37,31,5100000,17/06/2017
30,735,5,16,21,30,32,37,13,5000000,13/06/2017
30,734,2,3,13,26,30,31,34,5200000,10/06/2017
30,733,2,5,6,13,28,31,27,5100000,06/06/2017
30,732,4,10,13,23,36,39,7,5000000,03/06/2017
30,731,1,6,28,29,36,38,2,23500000,30/05/2017
30,730,1,17,25,27,28,38,3,22500000,27/05/2017
30,729,9,14,17,18,30,35,19,21500000,23/05/2017
30,728,8,9,16,29,36,37,19,20000000,20/05/2017
30,727,1,4,12,21,31,38,20,18500000,16/05/2017
30,726,11,16,24,33,37,38,4,17500000,13/05/2017
30,725,2,11,17,20,28,34,31,16500000,09/05/2017
30,724,11,16,24,32,34,35,38,15000000,06/05/2017
30,723,2,11,20,25,26,38,22,14000000,02/05/2017
30,722,9,13,16,20,22,34,31,13000000,29/04/2017
30,721,8,17,22,27,31,38,3,12000000,25/04/2017
30,720,2,5,16,18,21,27,35,11000000,22/04/2017
30,719,7,15,28,29,34,37,20,10000000,18/04/2017
30,718,2,4,9,12,19,21,32,9000000,15/04/2017
30,717,22,25,26,29,33,38,5,8000000,11/04/2017
30,716,1,15,25,30,34,36,9,7000000,08/04/2017
30,715,2,11,15,18,19,25,12,6000000,04/04/2017
30,714,15,17,23,24,26,27,2,5500000,01/04/2017
30,713,2,6,11,24,32,35,22,5400000,28/03/2017
30,712,1,6,9,25,32,35,4,5300000,25/03/2017
30,711,6,13,14,18,24,26,5,5200000,21/03/2017
30,710,8,17,23,27,33,38,1,5100000,18/03/2017
30,709,14,21,22,23,25,32,17,5000000,14/03/2017
30,708,5,17,20,21,28,32,3,30500000,11/03/2017
30,707,9,18,21,23,24,38,31,29000000,07/03/2017
30,706,4,26,32,34,38,39,7,27500000,04/03/2017
30,705,2,7,8,16,32,38,21,26500000,28/02/2017
30,704,6,13,20,27,28,35,15,25000000,25/02/2017
30,703,1,8,9,13,36,37,22,24000000,21/02/2017
30,702,2,8,12,22,23,30,11,23000000,18/02/2017
30,701,11,24,26,27,35,38,23,21500000,14/02/2017
30,700,2,5,8,18,25,31,22,20500000,11/02/2017
30,699,5,6,20,26,28,37,35,19500000,07/02/2017
30,698,5,9,20,33,34,39,18,18000000,04/02/2017
30,697,3,4,11,36,38,39,5,17000000,31/01/2017
30,696,4,5,22,23,24,36,30,16000000,28/01/2017
30,695,6,13,15,28,31,34,17,15000000,24/01/2017
30,694,8,11,15,20,36,37,31,14000000,21/01/2017
30,693,16,18,22,25,32,37,30,12500000,17/01/2017
30,692,3,15,26,27,35,37,30,11500000,14/01/2017
30,691,1,2,6,13,29,32,36,10500000,10/01/2017
30,690,16,17,18,23,30,34,4,9500000,07/01/2017
30,689,11,18,22,28,30,38,9,8500000,03/01/2017
30,688,1,3,10,11,29,39,26,7500000,31/12/2016
30,687,21,22,26,30,35,36,16,6000000,27/12/2016
30,686,2,10,24,30,38,39,7,5500000,24/12/2016
30,685,7,22,24,25,28,29,2,5400000,20/12/2016
30,684,2,6,15,20,22,30,23,5300000,17/12/2016
30,683,8,12,19,30,31,39,25,5200000,13/12/2016
30,682,7,13,17,23,28,31,30,5100000,10/12/2016
30,681,8,15,23,24,25,32,34,5000000,06/12/2016
30,680,1,7,14,17,33,35,34,17500000,03/12/2016
30,679,4,6,9,16,35,36,38,16000000,29/11/2016
30,678,1,12,13,26,38,39,20,15000000,26/11/2016
30,677,1,4,6,12,16,20,37,14000000,22/11/2016
30,676,1,7,10,11,18,19,28,13000000,19/11/2016
30,675,1,13,15,26,32,39,10,12000000,15/11/2016
30,674,7,23,31,35,37,39,20,11000000,12/11/2016
30,673,18,24,28,29,34,38,14,10000000,08/11/2016
30,672,1,11,12,22,33,34,27,9000000,05/11/2016
30,671,7,10,12,27,32,39,15,8000000,01/11/2016
30,670,9,10,19,21,28,33,3,7000000,29/10/2016
30,669,5,11,16,20,30,34,27,6000000,25/10/2016
30,668,2,18,19,26,28,31,15,5500000,22/10/2016
30,667,4,8,15,21,26,32,37,5400000,18/10/2016
30,666,13,17,20,25,35,38,10,5300000,15/10/2016
30,665,4,6,21,25,34,36,9,5200000,11/10/2016
30,664,4,5,7,14,21,26,8,5100000,08/10/2016
30,663,8,19,20,25,26,39,36,5000000,04/10/2016
30,662,3,8,11,16,18,34,15,5400000,01/10/2016
30,661,12,13,16,20,21,22,33,5300000,27/09/2016
30,660,4,8,18,25,27,28,14,5200000,24/09/2016
30,659,6,13,21,27,32,36,29,5100000,20/09/2016
30,658,4,14,16,18,27,36,30,5000000,17/09/2016
30,657,7,11,17,31,34,38,5,20000000,13/09/2016
30,656,5,6,7,18,36,39,14,18500000,10/09/2016
30,655,7,15,19,26,36,38,14,17500000,06/09/2016
30,654,2,23,27,28,36,37,5,16000000,03/09/2016
30,653,11,16,26,27,35,36,8,15000000,30/08/2016
30,652,3,7,10,17,28,37,22,14000000,27/08/2016
30,651,3,24,25,27,34,35,22,13000000,23/08/2016
30,650,1,4,10,25,30,33,8,12000000,20/08/2016
30,649,13,15,29,31,32,36,23,11000000,16/08/2016
30,648,4,12,21,30,33,36,10,10000000,13/08/2016
30,647,1,10,26,29,33,38,20,9000000,09/08/2016
30,646,10,12,13,18,27,36,8,8000000,06/08/2016
30,645,1,15,17,29,30,35,20,7000000,02/08/2016
30,644,2,5,11,16,27,32,10,6000000,30/07/2016
30,643,11,14,16,28,38,39,37,5500000,26/07/2016
30,642,13,18,21,31,33,36,25,5400000,23/07/2016
30,641,11,24,25,27,30,34,36,5300000,19/07/2016
30,640,4,14,17,22,26,29,30,5200000,16/07/2016
30,639,6,7,11,27,37,39,12,5100000,12/07/2016
30,638,2,6,14,21,31,35,32,5000000,09/07/2016
30,637,3,4,8,26,29,33,2,26000000,05/07/2016
30,636,1,7,8,10,22,33,28,24500000,02/07/2016
30,635,5,8,11,14,17,28,26,23500000,28/06/2016
30,634,10,15,22,27,31,32,17,22000000,25/06/2016
30,633,3,8,12,29,32,33,5,21000000,21/06/2016
30,632,3,4,22,24,29,32,23,20000000,18/06/2016
30,631,2,5,7,15,19,23,28,19000000,14/06/2016
30,630,8,9,13,14,21,30,29,18000000,11/06/2016
30,629,7,8,18,19,23,31,2,17000000,07/06/2016
30,628,4,15,16,21,23,26,6,15900000,04/06/2016
30,627,13,16,24,28,37,39,5,15000000,31/05/2016
30,626,2,4,8,20,27,31,30,14000000,28/05/2016
30,625,5,9,14,18,20,25,1,13000000,24/05/2016
30,624,4,28,29,33,34,38,15,12000000,21/05/2016
30,623,10,11,15,16,32,35,30,11000000,17/05/2016
30,622,4,22,23,31,32,38,36,10000000,14/05/2016
30,621,7,11,14,16,17,23,22,9000000,10/05/2016
30,620,4,6,14,26,36,37,30,8000000,07/05/2016
30,619,1,13,15,26,29,34,24,7000000,03/05/2016
30,618,3,6,12,20,23,37,19,6000000,30/04/2016
30,617,4,5,6,13,31,32,30,5500000,26/04/2016
30,616,1,2,5,13,18,20,30,5400000,23/04/2016
30,615,5,8,14,22,26,28,12,5300000,19/04/2016
30,614,7,12,13,14,21,29,8,5200000,16/04/2016
30,613,3,4,19,27,36,37,34,5100000,12/04/2016
30,612,1,8,18,20,22,37,3,5000000,09/04/2016
30,611,23,26,28,31,32,36,24,14000000,05/04/2016
30,610,4,8,9,12,21,24,7,13000000,02/04/2016
30,609,9,21,24,28,31,36,33,12000000,29/03/2016
30,608,8,10,12,21,22,31,15,11000000,26/03/2016
30,607,9,21,28,30,31,38,34,10000000,22/03/2016
30,606,1,15,23,26,29,30,10,9000000,19/03/2016
30,605,12,15,21,22,35,36,10,8000000,15/03/2016
30,604,6,20,24,35,36,37,15,7400000,12/03/2016
30,603,6,7,9,22,28,35,5,6600000,08/03/2016
30,602,10,12,16,28,32,38,20,5700000,05/03/2016
30,601,8,24,25,26,30,32,35,5600000,01/03/2016
30,600,2,3,9,29,30,38,14,5500000,27/02/2016
30,599,7,15,22,27,37,39,21,5400000,23/02/2016
30,598,5,7,13,27,28,30,4,5200000,20/02/2016
30,597,3,4,8,12,27,38,24,5000000,16/02/2016
30,596,2,3,15,27,30,35,33,7000000,13/02/2016
30,595,2,5,15,18,21,22,6,6500000,09/02/2016
30,594,4,6,11,18,19,22,12,6000000,06/02/2016
30,593,14,19,21,25,34,35,28,5500000,02/02/2016
30,592,2,3,7,22,25,30,6,5000000,30/01/2016
30,591,6,17,20,24,26,28,3,20500000,26/01/2016
30,590,1,10,19,24,32,35,36,19000000,23/01/2016
30,589,10,12,20,23,31,36,15,18000000,19/01/2016
30,588,11,13,27,29,30,31,34,16500000,16/01/2016
30,587,2,10,13,26,35,39,7,15500000,12/01/2016
30,586,7,17,28,34,37,39,6,14500000,09/01/2016
30,585,5,6,13,31,33,39,11,13500000,05/01/2016
30,584,8,10,19,29,37,39,31,12000000,02/01/2016
30,583,1,6,8,10,27,34,29,11000000,29/12/2015
30,582,7,11,15,18,34,35,6,10000000,26/12/2015
30,581,9,11,22,29,31,33,32,9000000,22/12/2015
30,580,5,18,19,20,27,35,33,8500000,19/12/2015
30,579,11,14,15,19,27,35,17,8000000,15/12/2015
30,578,2,4,15,22,25,38,30,7500000,12/12/2015
30,577,15,17,23,28,30,35,22,7000000,08/12/2015
30,576,1,4,17,19,30,35,22,6500000,05/12/2015
30,575,4,5,10,19,22,37,2,6000000,01/12/2015
30,574,6,22,24,25,26,28,12,5500000,28/11/2015
30,573,6,18,19,20,25,36,26,5000000,24/11/2015
30,572,2,11,14,16,29,32,7,44500000,21/11/2015
30,571,6,11,16,20,22,31,35,43000000,17/11/2015
30,570,4,6,12,24,37,38,27,42000000,14/11/2015
30,569,5,8,10,11,12,39,3,40500000,10/11/2015
30,568,11,20,25,26,31,35,27,39000000,07/11/2015
30,567,1,7,10,15,19,39,28,38000000,03/11/2015
30,566,2,6,22,25,26,33,7,36500000,31/10/2015
30,565,1,3,12,16,20,22,8,35500000,27/10/2015
30,564,2,4,17,20,24,33,8,34500000,24/10/2015
30,563,5,12,21,23,34,38,9,33000000,20/10/2015
30,562,9,13,24,25,29,38,30,32000000,17/10/2015
30,561,1,11,24,26,32,33,12,31000000,13/10/2015
30,560,6,10,14,15,29,33,17,29500000,10/10/2015
30,559,27,30,32,35,36,38,15,28500000,06/10/2015
30,558,7,14,16,25,31,38,4,27000000,03/10/2015
30,557,1,3,16,26,33,34,8,26000000,29/09/2015
30,556,8,19,21,29,33,39,20,25000000,26/09/2015
30,555,1,9,20,27,32,36,30,24000000,22/09/2015
30,554,1,14,21,24,29,32,3,22500000,19/09/2015
30,553,2,3,8,9,12,37,33,21500000,15/09/2015
30,552,10,12,16,22,31,34,24,20500000,12/09/2015
30,551,7,10,11,13,23,26,25,19500000,08/09/2015
30,550,10,13,19,21,24,25,1,18500000,05/09/2015
30,549,10,14,16,22,27,28,31,17500000,01/09/2015
30,548,10,15,24,31,36,38,12,16500000,29/08/2015
30,547,1,3,12,19,30,35,37,15500000,25/08/2015
30,546,4,8,10,17,18,36,39,14500000,22/08/2015
30,545,7,20,25,26,36,37,6,13500000,18/08/2015
30,544,2,4,5,20,22,26,38,12500000,15/08/2015
30,543,9,10,16,17,18,34,15,11500000,11/08/2015
30,542,1,12,17,22,30,31,4,11000000,08/08/2015
30,541,12,19,22,24,28,38,4,10000000,04/08/2015
30,540,4,5,32,34,37,38,2,8500000,01/08/2015
30,539,12,20,24,28,38,39,18,7500000,28/07/2015
30,538,4,19,27,28,36,38,9,6500000,25/07/2015
30,537,7,10,23,27,31,39,16,6000000,21/07/2015
30,536,11,14,19,23,31,37,8,5500000,18/07/2015
30,535,5,15,20,21,24,31,12,5400000,14/07/2015
30,534,14,15,20,23,26,38,34,5300000,11/07/2015
30,533,5,8,17,21,26,34,10,5200000,07/07/2015
30,532,9,15,23,24,31,35,3,5100000,04/07/2015
30,531,8,9,15,19,29,39,14,5000000,30/06/2015
30,530,3,10,13,20,33,38,35,41000000,27/06/2015
30,529,10,22,23,25,33,39,20,39000000,23/06/2015
30,528,18,20,23,24,26,35,16,38000000,20/06/2015
30,527,10,25,26,30,36,38,19,37000000,16/06/2015
30,526,8,14,17,28,29,31,7,36000000,13/06/2015
30,525,4,20,22,28,31,34,7,34500000,09/06/2015
30,524,6,12,18,24,25,31,37,33000000,06/06/2015
30,523,6,14,18,32,34,36,22,32000000,02/06/2015
30,522,3,4,7,9,10,32,24,30500000,30/05/2015
30,521,7,17,20,32,34,39,22,29500000,26/05/2015
30,520,4,9,11,12,17,26,29,28500000,23/05/2015
30,519,2,15,17,31,34,38,35,27000000,19/05/2015
30,518,6,12,16,18,33,36,5,26000000,16/05/2015
30,517,2,5,16,21,25,31,28,25000000,12/05/2015
30,516,5,17,20,26,27,33,38,24000000,09/05/2015
30,515,3,7,9,25,29,32,33,23000000,05/05/2015
30,514,9,11,20,27,31,32,37,21500000,02/05/2015
30,513,4,19,26,28,34,36,8,20500000,28/04/2015
30,512,6,10,13,14,34,36,29,19500000,25/04/2015
30,511,1,24,25,29,37,38,5,18500000,21/04/2015
30,510,9,15,18,26,32,34,33,17500000,18/04/2015
30,509,5,6,11,12,22,26,31,16500000,14/04/2015
30,508,4,12,14,16,26,39,3,15500000,11/04/2015
30,507,4,5,27,29,33,36,11,14600000,07/04/2015
30,506,8,11,15,24,33,39,32,14000000,04/04/2015
30,505,3,7,15,16,32,38,5,13000000,31/03/2015
30,504,4,5,10,14,31,39,34,12000000,28/03/2015
30,503,16,21,22,25,32,33,36,11000000,24/03/2015
30,502,10,13,15,23,24,27,11,10200000,21/03/2015
30,501,2,19,23,32,35,39,29,9400000,17/03/2015
30,500,5,10,20,22,30,34,26,8300000,14/03/2015
30,499,3,14,17,21,23,35,29,7500000,10/03/2015
30,498,1,3,5,24,34,37,30,6700000,07/03/2015
30,497,7,8,21,28,32,38,14,6200000,03/03/2015
30,496,1,13,18,22,24,39,35,6100000,28/02/2015
30,495,4,7,8,9,11,26,37,6000000,24/02/2015
30,494,1,5,7,25,26,38,33,5900000,21/02/2015
30,493,14,18,25,26,29,39,9,5600000,17/02/2015
30,492,4,5,9,22,33,39,17,5300000,14/02/2015
30,491,1,8,9,14,23,26,31,5000000,10/02/2015
30,490,1,2,20,23,27,29,33,32000000,07/02/2015
30,489,4,9,10,35,38,39,8,31000000,03/02/2015
30,488,3,9,13,29,32,36,6,29500000,31/01/2015
30,487,10,14,18,27,33,35,26,28000000,27/01/2015
30,486,1,4,13,26,29,32,12,25000000,24/01/2015
30,485,6,15,20,24,26,39,37,22000000,20/01/2015
30,484,10,22,26,28,32,33,30,18500000,17/01/2015
30,483,2,10,11,19,33,35,8,17000000,13/01/2015
30,482,9,15,19,24,30,34,31,15500000,10/01/2015
30,481,1,2,12,13,17,24,14,13600000,06/01/2015
30,480,1,13,17,22,25,31,23,13300000,03/01/2015
30,479,10,11,21,31,34,38,24,13000000,30/12/2014
30,478,9,13,14,34,36,38,19,12700000,27/12/2014
30,477,8,12,14,28,34,35,6,12400000,23/12/2014
30,476,2,11,16,17,32,37,13,12100000,20/12/2014
30,475,6,11,20,25,31,39,13,11800000,16/12/2014
30,474,10,15,16,22,26,33,27,11500000,13/12/2014
30,473,10,11,16,17,19,26,14,11200000,09/12/2014
30,472,2,3,8,12,30,33,27,10900000,06/12/2014
30,471,1,4,5,17,24,34,6,10600000,02/12/2014
30,470,7,8,10,20,21,25,6,10300000,29/11/2014
30,469,2,6,11,12,17,21,4,10000000,25/11/2014
30,468,3,4,12,14,19,20,34,9700000,22/11/2014
30,467,4,14,15,21,24,31,9,9400000,18/11/2014
30,466,1,8,16,17,20,30,13,9100000,15/11/2014
30,465,10,21,23,32,34,39,29,8800000,11/11/2014
30,464,11,24,25,27,32,34,23,8500000,08/11/2014
30,463,1,3,7,12,18,37,21,8200000,04/11/2014
30,462,2,5,7,9,19,35,34,7900000,01/11/2014
30,461,2,10,29,31,36,37,38,7600000,28/10/2014
30,460,4,13,22,24,33,39,27,7300000,25/10/2014
30,459,10,29,30,32,33,34,38,7000000,21/10/2014
30,458,9,16,19,21,33,38,30,6750000,18/10/2014
30,457,8,10,11,20,22,37,14,6500000,14/10/2014
30,456,4,5,8,9,21,29,31,5000000,11/10/2014
30,455,1,11,12,29,33,37,32,5500000,07/10/2014
30,454,6,8,13,14,15,20,12,5000000,04/10/2014
30,453,6,17,28,30,36,38,33,9500000,30/09/2014
30,452,6,12,24,25,33,39,26,9000000,27/09/2014
30,451,5,7,14,19,21,24,33,8500000,23/09/2014
30,450,12,19,22,24,35,38,36,8000000,20/09/2014
30,449,11,12,14,22,26,36,4,7500000,16/09/2014
30,448,3,10,13,24,31,33,26,7000000,13/09/2014
30,447,9,10,19,24,25,33,12,6500000,09/09/2014
30,446,1,11,19,23,24,27,20,6000000,06/09/2014
30,445,5,11,13,16,18,26,37,5500000,02/09/2014
30,444,24,25,26,28,31,38,10,5000000,30/08/2014
30,443,4,8,9,25,34,36,24,9500000,26/08/2014
30,442,4,5,17,22,25,34,36,9000000,23/08/2014
30,441,1,2,10,17,22,38,8,8500000,19/08/2014
30,440,21,29,31,34,36,39,38,8000000,16/08/2014
30,439,1,6,23,25,30,34,2,7500000,12/08/2014
30,438,11,14,21,24,25,32,6,7000000,09/08/2014
30,437,9,15,19,20,26,34,22,6500000,05/08/2014
30,436,6,8,10,13,16,21,15,6000000,02/08/2014
30,435,7,12,20,22,25,34,30,5500000,29/07/2014
30,434,3,4,18,19,20,25,36,5000000,26/07/2014
30,433,22,23,30,32,35,37,2,7500000,22/07/2014
30,432,4,9,18,26,27,39,10,7000000,19/07/2014
30,431,2,9,13,17,26,27,28,6500000,15/07/2014
30,430,2,4,7,19,27,35,13,6000000,12/07/2014
30,429,1,13,16,17,31,34,8,5500000,08/07/2014
30,428,14,17,19,24,28,33,9,5000000,05/07/2014
30,427,4,6,13,19,25,36,17,11500000,01/07/2014
30,426,1,17,20,26,38,39,37,11000000,28/06/2014
30,425,1,12,15,18,23,27,16,10500000,24/06/2014
30,424,1,3,4,12,19,32,16,10000000,21/06/2014
30,423,11,14,20,21,30,33,28,9500000,17/06/2014
30,422,8,13,25,34,36,37,27,9000000,14/06/2014
30,421,8,18,24,27,28,30,23,8500000,10/06/2014
30,420,4,7,17,18,25,32,5,8000000,07/06/2014
30,419,9,22,31,33,37,39,3,7500000,03/06/2014
30,418,7,12,14,21,25,26,29,7000000,31/05/2014
30,417,5,6,12,16,19,28,27,6500000,27/05/2014
30,416,6,16,17,25,29,34,27,6000000,24/05/2014
30,415,4,5,6,12,17,25,21,5500000,20/05/2014
30,414,1,4,14,16,20,23,38,5000000,17/05/2014
30,413,8,22,25,27,32,36,34,8000000,13/05/2014
30,412,4,7,15,19,21,29,12,7500000,10/05/2014
30,411,2,12,20,35,36,39,38,7000000,06/05/2014
30,410,1,15,16,23,29,37,4,6500000,03/05/2014
30,409,8,14,33,34,38,39,22,6000000,29/04/2014
30,408,3,16,23,25,31,38,37,5500000,26/04/2014
30,407,8,10,14,18,32,33,17,5000000,22/04/2014
30,406,3,14,22,27,35,39,38,5000000,19/04/2014
30,405,6,13,15,16,19,38,4,13500000,15/04/2014
30,404,8,14,22,32,38,39,13,12500000,12/04/2014
30,403,7,13,16,24,37,39,28,12000000,08/04/2014
30,402,1,10,26,35,37,39,17,11000000,05/04/2014
30,401,7,10,15,24,26,31,38,10500000,01/04/2014
30,400,10,11,12,22,26,30,15,10000000,29/03/2014
30,399,3,7,8,19,20,31,38,9500000,25/03/2014
30,398,7,9,12,15,22,31,30,9000000,22/03/2014
30,397,11,21,26,27,33,34,38,8500000,18/03/2014
30,396,12,17,23,25,33,36,38,8000000,15/03/2014
30,395,7,13,18,30,36,37,10,7500000,11/03/2014
30,394,5,9,18,23,32,37,1,7000000,08/03/2014
30,393,8,10,23,26,33,38,25,6500000,04/03/2014
30,392,5,11,14,15,18,32,2,6000000,01/03/2014
30,391,1,3,9,11,20,32,17,5500000,25/02/2014
30,390,5,18,23,34,37,38,29,5000000,22/02/2014
30,389,18,24,28,31,34,37,7,5000000,18/02/2014
30,388,7,9,10,26,31,37,33,22000000,15/02/2014
30,387,3,6,10,16,31,37,19,21000000,11/02/2014
30,386,3,14,17,19,31,35,27,20000000,08/02/2014
30,385,19,20,22,24,27,35,7,19000000,04/02/2014
30,384,13,25,28,31,34,36,15,18000000,01/02/2014
30,383,3,8,12,22,28,39,16,17000000,28/01/2014
30,382,1,2,13,20,31,38,11,16000000,25/01/2014
30,381,4,5,13,21,38,39,19,15000000,21/01/2014
30,380,4,6,16,26,30,34,22,14000000,18/01/2014
30,379,4,7,14,32,37,38,16,13000000,14/01/2014
30,378,7,10,12,26,32,36,17,12000000,11/01/2014
30,377,3,15,18,24,27,36,23,11000000,07/01/2014
30,376,4,11,16,25,29,39,30,10500000,04/01/2014
30,375,2,12,13,18,21,34,19,10000000,31/12/2013
30,374,12,15,18,20,21,28,29,9500000,28/12/2013
30,373,1,2,12,18,21,25,26,9000000,24/12/2013
30,372,2,4,16,25,33,38,28,8500000,21/12/2013
30,371,11,17,18,28,31,36,33,8000000,17/12/2013
30,370,10,16,22,35,36,38,27,7500000,14/12/2013
30,369,1,8,20,21,27,36,12,7000000,10/12/2013
30,368,10,14,18,22,27,33,13,6500000,07/12/2013
30,367,14,16,17,25,26,38,15,6000000,03/12/2013
30,366,16,17,25,28,36,39,38,5500000,30/11/2013
30,365,14,18,21,29,34,38,33,5000000,26/11/2013
30,364,8,13,19,21,23,31,17,6000000,23/11/2013
30,363,6,10,11,17,23,34,37,5500000,19/11/2013
30,362,3,6,8,18,26,30,35,5000000,16/11/2013
30,361,8,20,27,29,32,39,5,8500000,12/11/2013
30,360,1,22,25,26,27,32,23,8000000,09/11/2013
30,359,5,13,17,18,32,35,8,7500000,05/11/2013
30,358,6,9,13,14,20,37,38,7000000,02/11/2013
30,357,1,12,16,21,28,39,24,6500000,29/10/2013
30,356,1,4,10,11,21,29,2,6000000,26/10/2013
30,355,1,2,6,8,23,31,39,5500000,22/10/2013
30,354,1,13,25,32,34,35,19,5000000,19/10/2013
30,353,7,20,23,24,28,33,12,9500000,15/10/2013
30,352,20,21,22,24,31,38,33,9000000,12/10/2013
30,351,11,14,27,29,32,33,13,8500000,08/10/2013
30,350,11,12,13,31,34,39,21,8000000,05/10/2013
30,349,3,6,8,17,33,38,16,7500000,01/10/2013
30,348,5,14,16,28,33,39,27,7000000,28/09/2013
30,347,3,10,21,23,25,28,22,6500000,24/09/2013
30,346,4,6,13,16,32,35,33,6000000,21/09/2013
30,345,1,3,22,29,33,34,25,5500000,17/09/2013
30,344,4,12,18,27,31,34,2,5000000,14/09/2013
30,343,9,21,24,33,36,37,18,17500000,10/09/2013
30,342,4,5,10,24,26,37,9,17000000,07/09/2013
30,341,12,13,15,20,26,38,1,16000000,03/09/2013
30,340,2,22,23,24,31,39,27,15000000,31/08/2013
30,339,5,18,24,25,35,38,4,14000000,27/08/2013
30,338,1,11,13,17,21,27,29,13000000,24/08/2013
30,337,6,12,21,24,25,36,20,12000000,20/08/2013
30,336,3,7,12,18,34,35,30,11500000,17/08/2013
30,335,8,11,17,31,36,38,37,11000000,13/08/2013
30,334,2,6,9,20,21,25,35,10500000,10/08/2013
30,333,4,8,15,19,33,35,9,10000000,06/08/2013
30,332,2,4,17,31,37,38,11,9500000,03/08/2013
30,331,11,13,23,32,37,39,9,9000000,30/07/2013
30,330,7,9,16,19,30,37,14,8500000,27/07/2013
30,329,1,2,10,14,19,32,8,8000000,23/07/2013
30,328,20,22,25,29,31,32,8,7500000,20/07/2013
30,327,3,7,14,17,24,25,37,7000000,16/07/2013
30,326,6,7,22,25,27,31,38,6500000,13/07/2013
30,325,5,11,20,25,26,29,14,6000000,09/07/2013
30,324,10,13,24,26,27,31,1,5500000,06/07/2013
30,323,1,7,12,24,27,29,25,5000000,02/07/2013
30,322,1,4,13,21,29,36,30,7500000,29/06/2013
30,321,9,13,18,29,35,39,34,7000000,25/06/2013
30,320,4,5,19,25,36,39,9,6500000,22/06/2013
30,319,1,7,25,31,32,37,24,6000000,18/06/2013
30,318,2,23,27,28,29,30,18,5500000,15/06/2013
30,317,4,7,19,22,30,36,33,5000000,11/06/2013
30,316,18,24,27,32,35,39,38,7000000,08/06/2013
30,315,13,21,25,29,32,37,3,6500000,04/06/2013
30,314,1,13,20,23,31,35,10,6000000,01/06/2013
30,313,6,15,25,29,37,39,13,5500000,28/05/2013
30,312,1,15,18,19,21,27,36,5000000,25/05/2013
30,311,5,12,24,27,28,35,26,8000000,21/05/2013
30,310,7,10,11,14,16,32,13,7500000,18/05/2013
30,309,3,5,8,14,17,33,18,7000000,14/05/2013
30,308,6,11,18,24,31,34,33,6500000,11/05/2013
30,307,4,7,14,21,34,37,26,6000000,07/05/2013
30,306,2,10,19,26,37,39,4,5500000,04/05/2013
30,305,2,11,13,20,24,35,10,5000000,30/04/2013
30,304,1,11,12,21,23,36,14,10000000,27/04/2013
30,303,3,14,16,35,37,39,30,9500000,23/04/2013
30,302,2,4,8,14,23,38,11,9000000,20/04/2013
30,301,5,11,22,23,31,35,7,8500000,16/04/2013
30,300,3,17,24,26,30,34,20,8000000,13/04/2013
30,299,17,18,25,31,34,35,16,7500000,09/04/2013
30,298,5,15,16,30,31,38,20,7000000,06/04/2013
30,297,2,22,27,29,31,37,13,6500000,02/04/2013
30,296,1,2,24,31,32,33,20,6000000,30/03/2013
30,295,11,15,18,26,28,38,6,5500000,26/03/2013
30,294,13,18,25,27,28,30,12,5000000,23/03/2013
30,293,2,3,12,21,29,39,23,21000000,19/03/2013
30,292,8,13,21,23,24,28,12,20000000,16/03/2013
30,291,10,14,20,27,28,32,22,19000000,12/03/2013
30,290,2,14,28,29,30,37,7,18000000,09/03/2013
30,289,1,15,19,24,32,38,28,17000000,05/03/2013
30,288,6,9,16,21,31,34,3,16000000,02/03/2013
30,287,1,4,16,22,32,33,7,15000000,26/02/2013
30,286,6,7,8,10,16,27,29,14000000,23/02/2013
30,285,2,7,15,17,25,37,29,13000000,19/02/2013
30,284,1,2,3,13,18,19,15,12000000,16/02/2013
30,283,1,3,25,29,35,37,7,11000000,12/02/2013
30,282,8,16,17,21,26,37,23,10500000,09/02/2013
30,281,14,15,19,21,24,35,31,10000000,05/02/2013
30,280,2,6,9,17,30,36,25,9500000,02/02/2013
30,279,3,15,21,25,26,32,22,9000000,29/01/2013
30,278,11,18,33,34,35,36,2,8500000,26/01/2013
30,277,8,11,19,22,34,37,25,8000000,22/01/2013
30,276,4,14,15,26,33,39,6,7500000,19/01/2013
30,275,3,17,30,31,37,38,35,7000000,15/01/2013
30,274,10,19,25,28,32,39,3,6500000,12/01/2013
30,273,5,10,17,24,27,37,19,6000000,08/01/2013
30,272,1,5,19,26,31,34,13,5500000,05/01/2013
30,271,5,7,8,12,23,36,14,5000000,01/01/2013
30,270,5,12,15,18,32,37,25,25000000,29/12/2012
30,269,4,8,14,15,29,37,2,24500000,25/12/2012
30,268,1,2,10,23,28,37,19,23500000,22/12/2012
30,267,7,9,23,24,28,29,33,22500000,18/12/2012
30,266,4,6,13,25,33,36,16,21500000,15/12/2012
30,265,5,6,13,14,29,32,2,20500000,11/12/2012
30,264,7,14,15,20,35,37,12,19500000,08/12/2012
30,263,6,9,30,35,38,39,8,18500000,04/12/2012
30,262,4,5,20,27,30,32,14,17500000,01/12/2012
30,261,16,25,29,34,36,38,31,16500000,27/11/2012
30,260,5,6,19,21,25,33,10,16000000,24/11/2012
30,259,2,7,12,20,34,35,11,15000000,20/11/2012
30,258,9,11,16,17,26,28,38,14000000,17/11/2012
30,257,3,8,13,16,19,25,31,13000000,13/11/2012
30,256,3,5,7,13,15,37,2,12000000,10/11/2012
30,255,8,16,24,30,32,34,38,11500000,06/11/2012
30,254,2,4,12,14,19,33,6,11000000,03/11/2012
30,253,4,9,14,17,31,34,25,10500000,30/10/2012
30,252,3,19,20,25,37,39,6,10000000,27/10/2012
30,251,1,16,19,32,35,36,14,9500000,23/10/2012
30,250,4,6,16,32,36,39,14,9000000,20/10/2012
30,249,6,11,14,24,37,38,4,8500000,16/10/2012
30,248,4,5,7,14,15,26,36,8000000,13/10/2012
30,247,4,9,24,25,36,39,17,7500000,09/10/2012
30,246,10,14,15,31,33,36,29,7000000,06/10/2012
30,245,4,18,25,26,36,37,15,6500000,02/10/2012
30,244,2,13,17,18,24,38,37,6000000,29/09/2012
30,243,8,12,20,24,25,36,3,5500000,25/09/2012
30,242,3,13,17,20,22,34,25,5000000,22/09/2012
30,241,2,17,23,30,33,38,18,21000000,18/09/2012
30,240,10,18,21,27,35,39,8,20000000,15/09/2012
30,239,2,3,18,30,31,39,32,19000000,11/09/2012
30,238,6,9,12,19,20,32,11,18000000,08/09/2012
30,237,5,6,10,16,29,38,30,17000000,04/09/2012
30,236,9,16,20,22,24,27,28,16000000,01/09/2012
30,235,6,16,18,19,30,37,38,15000000,28/08/2012
30,234,2,3,4,25,34,39,8,14000000,25/08/2012
30,233,17,24,27,32,36,38,15,13000000,21/08/2012
30,232,7,8,13,16,29,35,9,12500000,18/08/2012
30,231,1,4,11,20,26,37,38,11500000,14/08/2012
30,230,4,15,18,23,29,34,25,11000000,11/08/2012
30,229,13,15,16,17,24,33,31,10500000,07/08/2012
30,228,1,6,14,15,33,36,22,10000000,04/08/2012
30,227,16,21,25,29,34,36,10,9500000,31/07/2012
30,226,7,10,13,25,30,38,22,9000000,28/07/2012
30,225,1,2,7,20,21,33,6,8500000,24/07/2012
30,224,4,9,12,17,18,37,20,8000000,21/07/2012
30,223,1,8,10,12,20,37,39,7500000,17/07/2012
30,222,8,16,17,18,25,38,4,7000000,14/07/2012
30,221,7,8,13,27,33,35,4,6500000,10/07/2012
30,220,3,9,26,29,38,39,14,6000000,07/07/2012
30,219,4,15,19,27,28,36,7,5500000,03/07/2012
30,218,3,7,11,14,21,24,2,5000000,30/06/2012
30,217,6,13,20,29,35,37,5,5000000,26/06/2012
30,216,3,4,18,21,29,35,37,9500000,23/06/2012
30,215,6,9,17,20,37,39,1,9000000,19/06/2012
30,214,3,6,9,24,38,39,36,8500000,16/06/2012
30,213,13,17,18,21,26,34,27,8000000,12/06/2012
30,212,6,7,14,16,21,35,36,7500000,09/06/2012
30,211,7,12,18,27,28,29,4,7000000,05/06/2012
30,210,8,15,18,19,20,30,2,6500000,02/06/2012
30,209,3,11,16,20,29,36,8,6000000,29/05/2012
30,208,12,21,28,31,33,35,39,5500000,26/05/2012
30,207,7,20,22,23,24,38,29,5000000,22/05/2012
30,206,23,29,30,32,34,37,22,5000000,19/05/2012
30,205,8,9,15,16,22,29,3,8500000,15/05/2012
30,204,2,6,7,12,30,37,4,8000000,12/05/2012
30,203,6,8,9,15,34,35,25,7500000,08/05/2012
30,202,5,7,19,23,32,35,1,7000000,05/05/2012
30,201,7,15,16,17,20,32,26,6500000,01/05/2012
30,200,9,20,22,27,37,38,30,6000000,28/04/2012
30,199,3,14,23,24,25,26,35,5500000,24/04/2012
30,198,5,6,9,10,15,35,32,5000000,21/04/2012
30,197,3,18,28,30,32,36,33,31000000,17/04/2012
30,196,7,8,11,15,19,30,33,30000000,14/04/2012
30,195,15,19,23,24,29,33,3,29000000,10/04/2012
30,194,5,8,11,13,18,25,4,28000000,07/04/2012
30,193,11,16,18,30,32,33,14,26500000,03/04/2012
30,192,2,10,24,27,28,36,39,25500000,31/03/2012
30,191,1,16,23,26,28,34,12,24500000,27/03/2012
30,190,5,12,28,29,34,36,39,23500000,24/03/2012
30,189,5,6,10,15,29,35,9,22500000,20/03/2012
30,188,10,12,14,31,34,35,11,21500000,17/03/2012
30,187,3,7,21,27,29,37,15,20500000,13/03/2012
30,186,1,7,22,29,30,38,8,19500000,10/03/2012
30,185,8,10,12,17,19,33,16,18500000,06/03/2012
30,184,3,9,10,15,22,29,31,17500000,03/03/2012
30,183,2,10,13,18,24,34,19,16500000,28/02/2012
30,182,9,14,16,20,27,33,38,15500000,25/02/2012
30,181,4,7,9,12,21,37,39,14500000,21/02/2012
30,180,1,4,10,26,27,34,15,13500000,18/02/2012
30,179,4,16,23,24,28,37,1,12500000,14/02/2012
30,178,6,13,15,36,37,39,26,11500000,11/02/2012
30,177,2,14,16,19,32,38,1,10500000,07/02/2012
30,176,3,5,19,24,31,33,39,10000000,04/02/2012
30,175,1,17,19,29,31,35,4,9500000,31/01/2012
30,174,1,11,14,21,24,27,17,9000000,28/01/2012
30,173,2,9,12,16,17,26,36,8500000,24/01/2012
30,172,1,2,5,17,20,25,22,8000000,21/01/2012
30,171,3,8,19,21,28,31,25,7500000,17/01/2012
30,170,4,6,21,22,25,35,27,7000000,14/01/2012
30,169,2,3,4,24,26,32,7,6500000,10/01/2012
30,168,2,9,16,24,37,39,11,6000000,07/01/2012
30,167,3,16,22,23,31,33,28,5500000,03/01/2012
30,166,3,4,15,25,29,38,19,5000000,31/12/2011
30,165,4,18,19,21,34,38,27,8500000,27/12/2011
30,164,1,2,20,24,32,33,28,8000000,24/12/2011
30,163,6,11,13,21,25,36,19,7500000,20/12/2011
30,162,11,15,19,21,24,28,34,7000000,17/12/2011
30,161,3,17,20,24,33,36,6,6500000,13/12/2011
30,160,3,20,24,33,35,36,10,6000000,10/12/2011
30,159,1,6,12,26,30,37,19,5500000,06/12/2011
30,158,1,10,13,17,18,19,35,5000000,03/12/2011
30,157,17,21,26,28,36,37,31,11000000,29/11/2011
30,156,5,6,23,25,26,27,35,10000000,26/11/2011
30,155,4,16,25,33,37,39,30,9500000,22/11/2011
30,154,1,4,5,18,35,38,36,9000000,19/11/2011
30,153,9,18,19,32,34,39,13,8500000,15/11/2011
30,152,10,12,15,24,26,39,34,8000000,12/11/2011
30,151,5,7,11,17,23,32,36,7500000,08/11/2011
30,150,4,19,22,27,30,33,28,7000000,05/11/2011
30,149,2,7,9,30,32,33,13,6500000,01/11/2011
30,148,8,13,16,24,27,33,9,6000000,29/10/2011
30,147,8,12,15,21,36,38,35,5500000,25/10/2011
30,146,5,10,15,16,27,33,3,5000000,22/10/2011
30,145,2,14,15,17,22,28,21,11000000,18/10/2011
30,144,4,12,17,21,30,38,25,10000000,15/10/2011
30,143,6,8,10,22,26,28,30,9500000,11/10/2011
30,142,3,4,7,18,31,35,22,9000000,08/10/2011
30,141,16,17,23,26,31,37,12,8500000,04/10/2011
30,140,16,19,21,27,36,38,14,8000000,01/10/2011
30,139,2,7,9,11,38,39,27,7500000,27/09/2011
30,138,1,6,9,26,28,34,17,7000000,24/09/2011
30,137,2,9,17,20,23,34,39,6500000,20/09/2011
30,136,1,7,18,22,26,35,34,6000000,17/09/2011
30,135,1,6,23,24,28,29,12,5500000,13/09/2011
30,134,8,16,17,18,31,35,32,5000000,10/09/2011
30,133,8,15,26,28,37,39,4,33000000,06/09/2011
30,132,1,13,22,23,28,35,18,32000000,03/09/2011
30,131,2,11,13,17,24,37,18,30000000,30/08/2011
30,130,1,8,18,22,36,37,34,29000000,27/08/2011
30,129,2,14,18,23,32,38,5,28000000,23/08/2011
30,128,7,11,12,16,38,39,19,27000000,20/08/2011
30,127,9,12,15,16,20,21,13,26000000,16/08/2011
30,126,1,15,24,28,31,37,29,25000000,13/08/2011
30,125,14,15,27,32,33,35,3,23000000,09/08/2011
30,124,1,5,15,16,17,30,3,22000000,06/08/2011
30,123,2,11,12,29,30,34,18,21000000,02/08/2011
30,122,2,9,11,25,30,33,6,20000000,30/07/2011
30,121,9,14,18,24,28,33,22,19000000,26/07/2011
30,120,16,25,30,32,38,39,33,18000000,23/07/2011
30,119,4,12,20,22,25,26,24,17000000,19/07/2011
30,118,3,14,17,23,31,33,15,16000000,16/07/2011
30,117,5,12,15,20,23,32,24,15000000,12/07/2011
30,116,3,8,10,11,19,28,31,14000000,09/07/2011
30,115,11,15,18,21,25,34,1,13000000,05/07/2011
30,114,6,16,20,30,31,33,2,12000000,02/07/2011
30,113,2,6,8,10,24,38,16,11000000,28/06/2011
30,112,6,7,8,17,32,36,4,10000000,25/06/2011
30,111,2,15,27,28,31,37,18,9500000,21/06/2011
30,110,9,15,23,28,32,36,19,9000000,18/06/2011
30,109,2,7,8,11,33,36,18,8500000,14/06/2011
30,108,9,10,11,25,32,38,30,8000000,11/06/2011
30,107,12,14,16,17,28,30,24,7500000,07/06/2011
30,106,2,5,7,17,23,29,22,7000000,04/06/2011
30,105,14,16,20,24,37,38,35,6500000,31/05/2011
30,104,9,16,19,25,32,38,8,6000000,28/05/2011
30,103,2,3,5,7,8,19,39,5500000,24/05/2011
30,102,1,7,11,13,22,35,32,5000000,21/05/2011
30,101,3,4,6,17,27,34,7,9000000,17/05/2011
30,100,10,15,25,28,30,39,33,8500000,14/05/2011
30,99,3,6,17,29,30,31,28,8000000,10/05/2011
30,98,5,7,10,15,30,38,34,7500000,07/05/2011
30,97,5,6,15,20,28,31,24,7000000,03/05/2011
30,96,6,11,15,21,37,38,26,6500000,30/04/2011
30,95,4,12,19,25,31,38,24,6000000,26/04/2011
30,94,13,14,21,28,30,38,32,5500000,23/04/2011
30,93,15,16,23,26,29,34,13,5000000,19/04/2011
30,92,3,6,9,23,26,33,19,16500000,16/04/2011
30,91,15,16,21,26,37,39,9,15500000,12/04/2011
30,90,3,13,16,18,29,35,38,14500000,09/04/2011
30,89,4,5,6,18,31,33,36,13500000,05/04/2011
30,88,4,6,31,32,33,34,1,12500000,02/04/2011
30,87,3,9,19,28,31,35,8,11000000,29/03/2011
30,86,18,20,33,35,36,39,31,10000000,26/03/2011
30,85,5,11,13,15,27,37,21,9500000,22/03/2011
30,84,5,20,25,28,35,36,21,9000000,19/03/2011
30,83,1,5,10,13,26,28,33,8500000,15/03/2011
30,82,8,9,20,25,33,35,31,8000000,12/03/2011
30,81,4,7,15,17,23,26,24,7500000,08/03/2011
30,80,10,15,25,28,30,36,34,7000000,05/03/2011
30,79,10,12,16,30,33,34,11,6500000,01/03/2011
30,78,2,6,18,23,27,37,24,6000000,26/02/2011
30,77,15,16,22,27,28,37,12,5500000,22/02/2011
30,76,2,7,19,23,26,37,4,5000000,19/02/2011
30,75,4,10,13,15,20,21,25,10000000,15/02/2011
30,74,8,17,19,37,38,39,1,9000000,12/02/2011
30,73,12,13,25,28,32,33,38,8500000,08/02/2011
30,72,2,3,21,22,32,36,4,8000000,05/02/2011
30,71,10,15,18,28,30,36,27,7500000,01/02/2011
30,70,6,15,25,26,34,38,14,7000000,29/01/2011
30,69,12,17,20,24,29,33,1,6500000,25/01/2011
30,68,12,15,20,25,26,36,29,6000000,22/01/2011
30,67,1,14,16,22,23,25,7,5500000,18/01/2011
30,66,6,11,18,26,32,38,1,5000000,15/01/2011
30,65,3,6,10,15,37,38,19,21500000,11/01/2011
30,64,6,17,21,26,29,34,39,20000000,08/01/2011
30,63,5,9,10,19,21,33,36,19000000,04/01/2011
30,62,7,19,21,22,27,37,32,18000000,01/01/2011
30,61,2,8,19,22,26,38,36,16500000,28/12/2010
30,60,5,7,13,27,29,33,20,16000000,25/12/2010
30,59,2,10,17,23,28,37,3,15000000,21/12/2010
30,58,7,11,21,22,25,31,6,13500000,18/12/2010
30,57,5,19,30,32,35,37,8,12500000,14/12/2010
30,56,6,10,12,16,25,32,5,11000000,11/12/2010
30,55,1,4,6,10,11,18,35,10000000,07/12/2010
30,54,9,11,19,21,27,29,1,9000000,04/12/2010
30,53,13,20,25,28,30,35,15,8500000,30/11/2010
30,52,1,3,5,7,18,37,35,8000000,27/11/2010
30,51,3,7,13,16,21,39,22,7500000,23/11/2010
30,50,5,13,15,22,23,35,34,7000000,20/11/2010
30,49,2,17,35,36,37,38,10,6500000,16/11/2010
30,48,15,20,22,26,29,34,6,6000000,13/11/2010
30,47,4,8,14,17,30,39,18,5500000,09/11/2010
30,46,19,22,23,31,34,38,35,5000000,06/11/2010
30,45,13,16,23,24,29,39,28,7000000,02/11/2010
30,44,16,21,22,29,32,37,23,6500000,30/10/2010
30,43,6,16,19,25,30,38,22,6000000,26/10/2010
30,42,1,19,28,29,31,37,26,5500000,23/10/2010
30,41,7,10,13,15,17,21,11,5000000,19/10/2010
30,40,5,17,20,26,31,37,23,13500000,16/10/2010
30,39,8,15,18,24,26,33,29,12500000,12/10/2010
30,38,3,11,15,18,20,26,7,11500000,09/10/2010
30,37,3,4,13,24,28,32,7,10500000,05/10/2010
30,36,8,15,22,32,33,37,19,9500000,02/10/2010
30,35,9,17,18,28,37,39,2,8500000,28/09/2010
30,34,2,8,9,25,29,36,3,8000000,25/09/2010
30,33,6,9,12,16,35,36,38,7500000,21/09/2010
30,32,15,20,28,29,37,38,1,7000000,18/09/2010
30,31,11,16,19,20,23,34,2,6500000,14/09/2010
30,30,4,11,14,15,23,35,6,6000000,11/09/2010
30,29,2,4,6,13,17,20,15,5500000,07/09/2010
30,28,1,4,15,27,33,37,3,5000000,04/09/2010
30,27,4,5,9,24,29,37,17,24000000,31/08/2010
30,26,1,12,19,21,30,34,20,23000000,28/08/2010
30,25,11,17,24,26,28,33,38,21500000,24/08/2010
30,24,8,12,20,31,34,37,9,20000000,21/08/2010
30,23,3,17,18,20,24,38,22,19000000,17/08/2010
30,22,1,2,23,28,29,33,4,17500000,14/08/2010
30,21,1,8,20,23,28,35,16,16500000,10/08/2010
30,20,1,7,17,29,31,32,19,15000000,07/08/2010
30,19,11,15,35,37,38,39,24,13500000,03/08/2010
30,18,14,17,20,24,32,37,35,12000000,31/07/2010
30,17,12,18,21,22,32,37,19,11000000,27/07/2010
30,16,2,5,8,26,32,34,31,10000000,24/07/2010
30,15,2,10,23,32,33,39,7,9000000,20/07/2010
30,14,9,22,26,27,28,37,35,8500000,17/07/2010
30,13,1,2,4,12,17,33,8,8000000,13/07/2010
30,12,6,20,30,33,34,36,35,7000000,10/07/2010
30,11,2,6,12,25,28,31,18,6500000,06/07/2010
30,10,8,13,18,19,21,34,14,6000000,03/07/2010
30,9,9,11,15,20,31,36,23,5500000,29/06/2010
30,8,1,2,5,6,10,11,15,5000000,26/06/2010
30,7,5,16,26,31,34,35,2,6500000,22/06/2010
30,6,2,9,11,22,26,27,20,6000000,19/06/2010
30,5,1,3,7,21,24,32,13,5500000,15/06/2010
30,4,3,4,18,21,22,26,13,5000000,12/06/2010
30,3,15,16,23,27,35,37,26,6500000,08/06/2010
30,2,5,6,8,19,21,33,13,6000000,05/06/2010
30,1,6,13,14,21,25,35,37,5500000,01/06/2010
