NPRODUCTO,CONCURSO,R1,R2,R3,R4,R5,R6,R7,R8,R9,R10,R11,R12,R13,BOLSA,FECHA
30,885,D,L,D,D,L,D,D,L,V,D,V,L,V,3700000,29/08/2026
30,884,V,V,D,V,V,V,L,V,L,D,D,V,D,3500000,24/08/2026
30,883,D,L,D,V,V,V,V,L,L,D,V,L,V,3300000,16/08/2026
30,882,D,D,D,D,L,V,D,L,L,D,D,D,V,3100000,09/02/2026
30,881,D,D,D,L,L,L,D,L,L,V,D,V,D,2800000,05/01/2026
30,880,D,V,V,L,L,D,D,V,V,V,D,D,D,2700000,30/12/2025
30,879,D,D,D,V,L,D,V,V,V,D,D,D,V,1900000,23/12/2025
30,878,L,V,L,L,D,D,V,L,L,D,D,V,L,1500000,16/12/2025
30,877,V,D,D,L,L,V,D,D,V,L,V,V,D,1500000,09/12/2025
30,876,D,V,D,D,D,D,V,L,L,V,D,L,L,1500000,02/12/2025
30,875,L,D,D,D,L,D,D,D,V,D,V,L,L,9000000,25/11/2025
30,874,D,D,L,L,D,L,D,V,D,V,D,L,V,7700000,18/11/2025
30,873,D,V,D,L,L,V,L,D,L,V,V,L,D,8900000,11/11/2025
30,872,D,D,D,D,D,V,L,V,L,D,L,V,V,7800000,04/11/2025
30,871,V,L,V,D,L,L,L,V,L,L,V,L,V,6300000,28/10/2025
30,870,V,L,L,D,V,V,D,V,D,L,L,L,L,5200000,21/10/2025
30,869,D,V,D,D,V,D,L,D,L,L,L,L,D,0,14/10/2025
30,868,D,V,D,L,L,V,D,D,D,V,V,D,D,3900000,07/10/2025
30,867,D,L,L,L,D,D,L,D,L,D,D,D,L,4700000,30/09/2025
30,866,L,L,L,V,L,D,V,L,D,L,L,D,V,3600000,23/09/2025
30,865,D,D,D,D,V,V,V,D,D,D,V,D,V,2700000,16/09/2025
30,864,D,D,L,L,V,V,D,L,D,L,D,D,D,1800000,09/09/2025
30,863,D,L,L,V,V,D,V,V,L,L,D,L,L,1500000,24/08/2025
30,862,V,L,D,V,D,V,D,L,D,L,D,L,V,1500000,19/08/2025
30,861,V,V,L,V,L,D,L,L,D,V,V,D,L,3700000,10/08/2025
30,860,L,L,L,L,D,L,L,V,D,D,D,L,L,3400000,10/02/2025
30,859,L,D,D,L,L,D,D,L,L,L,D,L,V,2900000,06/01/2025
30,858,V,D,D,L,L,L,D,V,L,V,L,D,D,1700000,31/12/2024
30,857,L,D,D,V,L,V,D,L,D,D,L,D,L,1500000,24/12/2024
30,856,V,L,V,D,V,L,L,D,V,L,V,L,D,1500000,17/12/2024
30,855,D,D,L,D,D,L,L,D,V,D,L,D,V,1700000,10/12/2024
30,854,D,D,D,D,D,D,L,D,V,D,L,L,L,1500000,03/12/2024
30,853,D,D,D,V,L,V,V,V,L,L,V,V,D,2000000,26/11/2024
30,852,D,L,L,D,L,D,V,D,L,D,L,L,V,1500000,19/11/2024
30,851,D,V,V,D,D,D,D,D,L,L,V,D,V,1500000,12/11/2024
30,850,D,L,D,D,L,V,D,D,L,V,D,L,D,1500000,05/11/2024
30,849,D,D,D,D,D,D,V,L,V,D,V,D,L,4400000,29/10/2024
30,848,L,V,L,V,D,D,D,V,D,V,L,V,D,3600000,22/10/2024
30,847,L,L,L,V,V,D,D,V,V,V,V,V,D,3200000,15/10/2024
30,846,D,L,D,D,D,D,L,L,D,D,V,D,L,2800000,08/10/2024
30,845,D,D,D,D,D,D,L,V,L,V,D,L,L,2200000,01/10/2024
30,844,D,L,D,L,V,V,L,V,D,D,D,L,D,2100000,24/09/2024
30,843,V,D,D,D,D,D,V,D,L,V,D,D,D,1600000,17/09/2024
30,842,V,L,D,D,D,L,V,L,D,V,L,D,L,1500000,10/09/2024
30,841,V,L,D,D,L,D,V,V,D,D,D,L,L,5400000,26/08/2024
30,840,L,L,D,V,D,L,D,D,D,L,V,L,D,4800000,19/08/2024
30,839,V,D,D,V,D,V,D,L,D,V,D,D,D,4400000,11/08/2024
30,838,L,L,L,V,D,L,L,D,D,L,V,D,D,4200000,12/02/2024
30,837,D,V,V,L,L,L,D,L,V,V,L,D,L,3500000,08/01/2024
30,836,D,L,L,L,D,D,D,V,V,V,L,L,V,2600000,01/01/2024
30,835,D,L,D,V,D,D,D,L,L,D,D,L,V,1700000,26/12/2023
30,834,L,L,D,D,V,L,D,V,V,L,L,V,D,1500000,19/12/2023
30,833,D,D,L,L,D,L,L,D,L,D,V,L,D,2400000,12/12/2023
30,832,D,D,D,V,D,D,V,D,L,V,L,D,D,1700000,05/12/2023
30,831,L,D,D,L,D,L,V,L,V,D,V,D,D,1500000,28/11/2023
30,830,D,D,D,D,L,L,V,L,L,D,D,D,L,5200000,21/11/2023
30,829,D,D,D,V,L,D,L,D,D,L,D,D,D,4600000,14/11/2023
30,828,L,D,L,L,L,D,D,L,V,L,D,D,V,4100000,07/11/2023
30,827,D,L,V,V,D,V,D,V,D,V,L,V,L,4400000,31/10/2023
30,826,L,L,D,D,L,D,V,L,D,L,L,D,V,3700000,24/10/2023
30,825,V,V,D,D,D,L,L,D,V,L,D,D,D,3000000,17/10/2023
30,824,D,D,L,L,L,V,L,V,V,V,V,L,D,2300000,10/10/2023
30,823,L,L,V,D,V,L,D,V,D,L,L,D,V,2300000,03/10/2023
30,822,D,L,L,D,V,L,D,D,V,L,D,V,D,1650000,26/09/2023
30,821,D,D,D,V,V,L,D,D,V,L,V,D,D,1500000,19/09/2023
30,820,L,L,V,D,V,D,V,D,D,D,V,V,D,1950000,12/09/2023
30,819,L,V,D,D,D,D,V,D,D,L,L,L,D,1600000,28/08/2023
30,818,V,V,L,L,V,D,V,V,D,V,L,D,D,1500000,22/08/2023
30,817,V,V,V,D,D,D,D,V,D,D,V,D,L,1500000,13/08/2023
30,816,D,L,D,L,V,V,L,L,V,L,D,L,D,1500000,13/02/2023
30,815,L,L,V,L,D,D,D,D,D,L,L,D,D,5800000,09/01/2023
30,814,D,D,L,V,D,L,D,V,D,L,L,L,L,4800000,03/01/2023
30,813,L,L,V,L,D,D,L,D,D,D,L,D,V,3900000,27/12/2022
30,812,L,D,D,D,D,V,D,L,D,V,D,V,L,3200000,20/12/2022
30,811,L,L,D,L,V,D,V,D,D,L,D,V,D,2300000,13/12/2022
30,810,D,D,V,L,D,D,L,D,L,D,L,L,D,1700000,06/12/2022
30,809,L,D,D,L,L,D,D,D,D,L,L,L,V,1500000,29/11/2022
30,808,D,L,L,V,D,L,L,V,D,V,V,D,V,8000000,22/11/2022
30,807,D,D,D,L,L,L,L,L,D,D,V,D,V,7000000,15/11/2022
30,806,D,D,L,D,L,L,D,D,V,D,D,V,D,6000000,08/11/2022
30,805,D,D,L,D,L,L,D,V,D,V,L,L,L,5300000,01/11/2022
30,804,D,L,L,L,D,L,D,V,L,V,V,D,V,4600000,25/10/2022
30,803,L,V,V,L,V,D,D,D,L,L,D,L,D,4000000,18/10/2022
30,802,D,D,V,L,L,L,L,D,D,V,D,V,D,3100000,10/10/2022
30,801,D,D,D,L,D,V,V,L,D,V,L,V,L,2300000,04/10/2022
30,800,L,D,D,D,V,V,D,V,V,D,D,D,V,1750000,27/09/2022
30,799,D,D,L,L,V,D,D,L,D,D,L,L,L,1500000,20/09/2022
30,798,D,D,L,D,D,D,L,D,V,D,L,V,D,1500000,13/09/2022
30,797,L,D,L,L,L,L,D,L,D,D,L,L,D,1500000,28/08/2022
30,796,L,L,L,L,L,V,D,D,V,D,D,V,L,1500000,23/08/2022
30,795,D,L,V,V,D,L,D,D,L,D,D,L,V,1500000,14/08/2022
30,794,L,L,L,L,D,L,D,D,D,D,D,D,D,1500000,14/02/2022
30,793,V,L,V,L,L,V,D,D,D,D,D,D,V,1700000,10/01/2022
30,792,D,L,L,D,D,L,L,L,D,L,D,L,L,1500000,04/01/2022
30,791,D,D,L,V,V,D,D,L,D,L,D,L,V,1500000,28/12/2021
30,790,D,L,V,V,D,L,L,L,D,L,L,D,V,1500000,22/12/2021
30,789,V,L,V,L,V,V,D,L,L,D,D,L,V,1500000,14/12/2021
30,788,L,V,D,V,V,V,V,L,D,D,L,L,D,1500000,07/12/2021
30,787,V,V,D,L,L,L,V,L,L,L,D,D,V,8300000,30/11/2021
30,786,L,V,D,V,V,D,D,V,V,L,D,L,D,8000000,23/11/2021
30,785,L,L,D,D,L,V,V,V,L,V,L,V,V,11500000,16/11/2021
30,784,D,V,V,D,V,L,L,D,D,V,V,D,V,10600000,09/11/2021
30,783,D,D,D,V,V,D,L,D,L,L,L,D,D,9700000,02/11/2021
30,782,L,L,L,L,D,V,L,L,L,V,D,V,D,8600000,26/10/2021
30,781,D,V,V,L,V,V,L,D,V,V,D,D,D,7600000,19/10/2021
30,780,D,V,D,L,D,L,D,D,V,L,L,V,D,6700000,12/10/2021
30,779,V,L,D,V,L,V,D,V,V,L,V,D,L,5900000,05/10/2021
30,778,L,D,V,L,D,V,L,L,D,L,L,D,L,5100000,28/09/2021
30,777,V,V,D,D,V,D,L,L,D,L,D,D,D,4300000,20/09/2021
30,776,D,V,D,V,V,V,V,D,L,V,D,L,D,3600000,14/09/2021
30,775,V,L,D,L,D,L,V,D,L,D,L,D,V,2800000,30/08/2021
30,774,D,V,V,V,L,V,D,D,D,D,V,D,D,2500000,23/08/2021
30,773,V,V,D,D,L,V,D,D,V,D,L,V,D,2400000,15/08/2021
30,772,D,V,V,L,V,V,D,L,L,V,L,D,L,2300000,08/02/2021
30,771,D,L,D,D,D,D,L,V,V,L,D,L,D,1900000,04/01/2021
30,770,V,D,V,D,D,V,D,L,D,L,L,L,V,1650000,29/12/2020
30,769,V,L,L,L,D,D,L,D,L,L,L,D,V,1500000,21/12/2020
30,768,L,V,D,V,L,D,V,V,D,D,V,L,D,1500000,15/12/2020
30,767,D,D,D,D,D,D,D,D,V,V,L,D,V,3500000,08/12/2020
30,766,V,D,D,D,V,D,L,L,D,V,D,L,D,2800000,01/12/2020
30,765,L,L,V,L,D,L,D,L,D,D,D,D,D,3500000,24/11/2020
30,764,L,D,D,V,L,L,D,L,L,L,D,D,V,2700000,17/11/2020
30,763,D,L,L,D,D,V,L,L,D,D,D,V,V,2050000,09/11/2020
30,762,D,L,D,V,V,D,D,L,D,L,L,D,V,1600000,03/11/2020
30,761,D,L,D,V,D,D,D,L,V,V,V,L,V,1500000,27/10/2020
30,760,D,L,D,D,V,V,D,V,D,L,L,V,V,5500000,20/10/2020
30,759,V,L,V,L,V,V,D,L,D,D,D,L,L,5000000,13/10/2020
30,758,L,L,V,V,D,V,L,V,L,V,L,D,L,7200000,06/10/2020
30,757,L,V,L,D,L,D,D,D,L,V,D,V,V,6500000,29/09/2020
30,756,D,L,D,V,D,L,D,D,L,D,V,D,L,5700000,22/09/2020
30,755,L,V,L,D,D,L,V,D,D,L,D,V,D,4900000,15/09/2020
30,754,V,V,D,D,V,D,L,L,L,L,L,D,L,4300000,03/02/2020
30,753,L,V,D,V,V,L,V,L,L,D,D,L,D,2700000,30/12/2019
30,752,L,D,D,D,D,L,V,L,V,V,L,V,V,3300000,24/12/2019
30,751,V,D,L,L,V,D,L,V,D,L,L,V,L,2700000,17/12/2019
30,750,L,D,D,D,L,V,V,V,D,V,V,L,D,2100000,10/12/2019
30,749,V,L,D,V,L,D,V,D,L,D,L,V,D,1500000,03/12/2019
30,748,L,D,V,D,V,D,L,L,D,L,V,D,D,1500000,26/11/2019
30,747,V,V,L,V,L,D,V,V,L,V,L,V,V,1500000,19/11/2019
30,746,V,D,L,L,D,D,V,D,L,D,D,D,D,3950000,12/11/2019
30,745,V,L,D,L,D,L,D,L,L,D,L,V,L,3400000,05/11/2019
30,744,V,D,D,V,D,D,L,L,D,L,V,L,D,3200000,28/10/2019
30,743,V,V,L,V,L,D,V,D,V,V,L,L,V,4000000,21/10/2019
30,742,V,D,L,V,V,D,V,D,L,V,D,L,D,3500000,15/10/2019
30,741,L,V,D,D,L,L,D,V,V,V,D,L,L,2850000,08/10/2019
30,740,V,L,V,D,D,V,D,V,L,D,D,L,L,2700000,01/10/2019
30,739,D,D,D,D,L,D,V,D,D,V,V,V,D,2000000,24/09/2019
30,738,V,D,D,V,V,D,D,V,L,D,D,V,D,1590000,17/09/2019
30,737,D,D,L,V,V,V,L,D,L,D,L,D,L,1500000,10/09/2019
30,736,V,D,D,D,D,D,V,V,D,L,L,D,D,1500000,30/08/2019
30,735,V,L,L,D,L,D,L,V,V,V,D,V,V,1500000,26/08/2019
30,734,V,V,L,V,L,V,D,D,L,D,D,D,V,1500000,20/08/2019
30,733,L,L,L,V,L,V,L,D,V,L,V,L,L,1500000,11/08/2019
30,732,V,D,D,D,L,L,D,L,D,D,V,L,V,1500000,04/02/2019
30,731,D,L,V,V,V,L,V,V,D,D,D,V,L,3200000,31/12/2018
30,730,V,L,L,V,D,D,V,D,V,D,D,L,L,2400000,25/12/2018
30,729,L,D,L,L,L,V,D,D,L,D,L,V,D,1800000,18/12/2018
30,728,D,V,V,D,D,D,L,D,D,V,D,L,L,1550000,11/12/2018
30,727,V,L,D,D,D,L,V,V,D,L,L,D,L,1500000,04/12/2018
30,726,V,L,D,L,D,V,D,L,D,L,L,L,L,1500000,27/11/2018
30,725,D,D,D,D,D,L,D,D,D,L,D,D,L,1500000,20/11/2018
30,724,V,L,L,L,V,V,D,V,D,L,V,D,L,2100000,13/11/2018
30,723,V,L,V,L,V,L,V,D,V,L,L,V,V,1550000,06/11/2018
30,722,D,L,L,V,V,D,L,L,V,D,D,V,V,1500000,30/10/2018
30,721,D,V,D,V,V,L,D,V,D,D,V,L,D,1500000,23/10/2018
30,720,D,D,V,L,V,V,L,D,D,V,L,D,D,4000000,16/10/2018
30,719,L,L,L,L,D,D,L,L,V,D,D,D,L,3400000,09/10/2018
30,718,L,L,D,D,D,L,D,D,D,V,D,V,D,2700000,02/10/2018
30,717,D,L,L,L,L,D,D,L,D,L,L,D,D,2300000,25/09/2018
30,716,L,V,D,D,D,V,D,D,L,L,D,L,L,1750000,18/09/2018
30,715,L,D,L,L,L,V,V,D,L,V,D,V,V,1570000,11/09/2018
30,714,D,V,D,D,L,V,L,V,L,L,V,D,V,1500000,31/08/2018
30,713,D,V,D,D,L,L,D,L,D,V,L,V,V,1500000,27/08/2018
30,712,L,D,V,V,L,D,D,D,V,D,D,L,D,1500000,21/08/2018
30,711,D,D,D,L,L,L,V,D,D,L,D,V,L,1500000,12/08/2018
30,710,L,D,V,D,L,D,D,D,D,L,V,D,D,1500000,05/02/2018
30,709,D,D,L,L,D,L,L,L,L,D,L,D,D,1950000,01/01/2018
30,708,L,L,L,L,D,L,D,V,L,L,V,V,L,1500000,26/12/2017
30,707,L,V,L,L,L,D,D,L,V,D,D,D,D,1500000,19/12/2017
30,706,D,V,D,L,V,V,L,L,D,V,D,D,L,1500000,12/12/2017
30,705,D,L,L,L,D,L,V,D,L,L,V,L,D,1500000,05/12/2017
30,704,D,D,L,L,L,L,V,V,D,D,L,D,L,1500000,28/11/2017
30,703,D,V,V,L,V,L,D,D,L,D,V,V,D,1600000,21/11/2017
30,702,V,L,D,D,V,D,V,D,L,L,L,V,L,1500000,14/11/2017
30,701,D,L,L,V,D,L,D,V,D,L,D,V,L,1500000,07/11/2017
30,700,V,D,V,L,L,L,L,D,D,V,D,L,V,1500000,31/10/2017
30,699,D,L,L,V,V,L,D,V,L,L,V,L,L,2500000,24/10/2017
30,698,D,L,L,L,D,V,D,D,V,D,D,V,L,2300000,17/10/2017
30,697,D,D,D,D,D,D,V,L,D,V,D,V,D,2000000,10/10/2017
30,696,V,L,D,D,V,D,V,D,D,D,D,L,L,2200000,03/10/2017
30,695,L,L,L,V,D,D,L,D,D,D,V,L,V,1800000,26/09/2017
30,694,L,L,V,L,V,D,D,L,D,D,V,L,V,1600000,20/09/2017
30,693,L,V,V,V,V,L,D,V,L,V,L,L,D,1500000,12/09/2017
30,692,D,D,L,D,L,D,D,D,D,L,L,L,D,1500000,01/09/2017
30,691,L,D,D,L,V,D,D,D,D,D,V,D,D,1500000,28/08/2017
30,690,D,V,D,L,L,V,D,L,D,D,D,D,D,1500000,21/08/2017
30,689,V,D,L,D,L,V,L,V,D,D,L,V,V,1500000,14/08/2017
30,688,L,L,L,L,L,D,D,L,L,L,D,L,D,1500000,08/02/2017
30,687,D,L,V,D,V,D,V,L,L,L,V,L,V,2700000,02/01/2017
30,686,D,L,L,V,V,L,L,D,D,D,D,L,L,2300000,27/12/2016
30,685,D,D,D,D,L,V,D,V,L,V,D,D,V,2000000,20/12/2016
30,684,D,D,D,V,D,L,D,V,D,D,V,L,L,1600000,13/12/2016
30,683,D,V,L,V,L,L,L,L,L,L,V,L,V,1500000,06/12/2016
30,682,D,L,D,L,V,L,L,V,L,D,D,D,V,1500000,29/11/2016
30,681,V,L,L,L,D,D,D,D,D,V,L,L,L,1500000,22/11/2016
30,680,D,D,D,L,D,L,D,L,V,D,D,V,D,3400000,15/11/2016
30,679,D,D,D,D,V,L,V,D,D,L,L,D,L,3100000,08/11/2016
30,678,D,V,L,D,D,L,V,D,L,D,D,L,D,4000000,01/11/2016
30,677,V,D,V,L,D,V,D,L,V,D,V,D,L,3500000,25/10/2016
30,676,L,L,D,D,D,D,D,L,L,V,V,D,L,3200000,18/10/2016
30,675,V,D,D,V,D,L,L,V,L,V,D,L,D,2600000,11/10/2016
30,674,D,L,L,V,V,D,L,V,D,D,V,L,L,2100000,04/10/2016
30,673,L,V,D,D,L,V,V,D,L,L,D,L,V,1700000,27/09/2016
30,672,L,L,D,L,L,D,D,D,L,V,L,D,V,1500000,20/09/2016
30,671,V,V,D,D,D,D,L,D,D,D,D,D,V,1500000,13/09/2016
30,670,D,L,L,D,L,D,L,D,V,L,V,L,V,1500000,02/09/2016
30,669,L,L,D,V,V,V,L,V,D,V,L,L,L,1500000,28/08/2016
30,668,V,V,D,L,V,L,L,V,L,D,L,V,D,1500000,21/08/2016
30,667,L,D,D,D,L,V,V,D,V,D,D,D,V,1500000,15/08/2016
30,666,D,V,D,V,L,L,L,D,D,L,L,D,V,1500000,08/02/2016
30,665,D,L,D,L,D,D,V,D,D,V,L,V,D,5200000,04/01/2016
30,664,L,D,L,D,L,D,D,V,L,L,D,L,D,4600000,29/12/2015
30,663,D,D,L,V,D,L,V,L,V,L,L,V,V,4300000,22/12/2015
30,662,D,V,L,L,V,L,L,L,V,D,L,V,V,4000000,15/12/2015
30,661,V,D,V,D,D,L,D,V,V,V,D,L,D,3500000,08/12/2015
30,660,L,L,V,D,L,L,D,D,L,D,L,D,D,3500000,01/12/2015
30,659,D,D,D,V,D,L,L,V,V,V,L,D,L,3500000,24/11/2015
30,658,D,D,V,V,L,D,L,D,V,D,V,V,D,3500000,17/11/2015
30,657,L,L,L,D,L,D,D,D,V,D,D,D,D,2800000,10/11/2015
30,656,L,D,V,L,D,D,D,D,L,L,D,L,D,2500000,03/11/2015
30,655,D,D,D,D,V,L,L,L,L,V,L,L,L,2000000,27/10/2015
30,654,L,L,D,V,D,D,V,V,D,L,D,V,L,1500000,20/10/2015
30,653,D,D,D,L,L,D,L,D,V,V,D,D,D,1500000,13/10/2015
30,652,V,D,V,V,D,D,L,L,D,V,D,D,D,1800000,06/10/2015
30,651,V,D,D,D,V,L,L,D,L,V,L,V,L,1500000,29/09/2015
30,650,L,L,V,V,V,D,L,D,L,D,D,V,L,1500000,21/09/2015
30,649,V,V,L,L,D,L,D,V,V,D,D,D,L,1500000,15/09/2015
30,648,D,D,D,L,D,V,D,L,V,L,L,D,D,1500000,04/09/2015
30,647,D,L,D,L,V,D,V,V,V,V,D,L,V,1500000,31/08/2015
30,646,D,D,L,D,D,L,D,D,L,D,L,L,L,1500000,25/08/2015
30,645,D,L,L,D,L,D,L,L,D,L,L,V,L,1500000,16/08/2015
30,644,V,L,D,L,D,V,L,D,L,D,D,L,L,1500000,02/02/2015
30,643,V,L,L,V,V,D,V,V,L,D,D,L,L,3000000,29/12/2014
30,642,D,L,D,D,V,V,L,D,V,D,L,V,L,2000000,23/12/2014
30,641,V,L,L,L,L,L,D,L,V,D,L,V,V,2000000,16/12/2014
30,640,D,V,V,V,D,V,L,L,D,V,L,V,D,1500000,09/12/2014
30,639,L,L,L,D,D,D,L,D,L,L,D,V,D,1500000,02/12/2014
30,638,D,L,D,L,V,L,L,L,D,D,D,D,V,1500000,25/11/2014
30,637,L,V,D,V,V,L,D,D,L,L,L,V,D,1500000,18/11/2014
30,636,L,D,D,V,D,L,L,V,V,L,L,L,L,1500000,11/11/2014
30,635,L,D,L,V,L,V,D,D,L,D,L,V,D,3500000,04/11/2014
30,634,D,L,D,L,V,V,D,V,D,L,L,L,D,3500000,28/10/2014
30,633,L,L,D,L,D,V,D,D,L,D,V,L,L,3000000,21/10/2014
30,632,L,D,D,D,V,V,V,V,D,V,L,L,V,2500000,14/10/2014
30,631,L,D,D,L,D,D,L,V,L,D,L,L,V,2000000,07/10/2014
30,630,L,V,L,L,V,D,V,D,L,D,L,L,L,2000000,30/09/2014
30,629,V,D,D,L,L,L,L,V,L,L,V,V,V,1500000,23/09/2014
30,628,L,L,V,V,V,L,L,D,L,V,L,V,D,1500000,16/09/2014
30,627,D,V,L,D,V,D,L,V,L,D,V,L,D,1500000,09/09/2014
30,626,V,V,L,L,D,L,V,D,V,V,V,L,D,1500000,29/08/2014
30,625,L,D,L,V,L,L,V,D,D,V,D,L,D,1500000,25/08/2014
30,624,D,L,L,D,L,D,V,V,D,D,L,D,L,1500000,18/08/2014
30,623,D,L,L,L,D,D,D,D,D,D,D,D,L,1500000,10/08/2014
30,622,V,D,D,D,L,L,L,V,L,D,V,D,D,1500000,02/02/2014
30,621,D,L,L,L,D,L,V,D,L,L,V,D,L,1500000,29/12/2013
30,620,L,D,D,L,L,L,V,L,V,D,L,V,L,1500000,24/12/2013
30,619,D,D,V,L,V,V,L,D,L,D,L,V,D,1500000,17/12/2013
30,618,L,D,L,L,L,D,L,V,L,D,L,D,L,1500000,10/12/2013
30,617,V,L,D,L,D,D,V,D,L,D,V,V,L,1500000,03/12/2013
30,616,D,D,V,D,D,V,L,L,D,L,D,D,V,1500000,26/11/2013
30,615,L,L,L,L,D,D,L,D,V,L,L,D,D,1500000,19/11/2013
30,614,V,D,L,D,V,V,D,D,D,D,V,L,D,1500000,12/11/2013
30,613,L,D,D,V,V,D,V,D,D,L,D,V,D,1500000,05/11/2013
30,612,V,D,L,L,D,V,D,L,L,L,V,D,D,1500000,29/10/2013
30,611,L,D,V,D,D,L,V,D,V,L,D,D,L,1500000,22/10/2013
30,610,D,V,V,V,L,V,V,L,L,D,L,L,L,1500000,13/10/2013
30,609,L,L,D,D,V,V,V,L,L,D,L,L,D,1500000,08/10/2013
30,608,D,D,L,V,D,L,L,L,V,L,L,V,L,1500000,01/10/2013
30,607,L,L,V,L,L,D,L,D,D,V,V,L,L,1500000,24/09/2013
30,606,L,D,D,D,D,L,D,L,D,L,V,L,L,1500000,17/09/2013
30,605,D,V,D,D,V,D,D,L,D,V,D,D,D,1500000,10/09/2013
30,604,L,D,L,V,D,L,D,D,D,L,V,V,L,1500000,30/08/2013
30,603,L,V,D,V,L,D,V,V,L,D,D,V,L,1500000,26/08/2013
30,602,D,D,D,D,L,D,D,L,L,V,L,V,L,1500000,20/08/2013
30,601,V,D,V,D,V,L,V,V,L,D,V,D,V,1500000,11/08/2013
30,600,D,L,L,V,D,L,D,L,V,D,D,D,D,1500000,04/02/2013
30,599,L,D,L,L,L,D,D,D,D,L,D,L,L,1500000,31/12/2012
30,598,L,L,L,D,V,V,D,V,V,L,V,L,V,1500000,24/12/2012
30,597,V,L,L,V,L,V,L,L,V,V,L,V,D,1500000,18/12/2012
30,596,D,L,V,D,V,L,L,D,D,D,L,L,L,1500000,11/12/2012
30,595,D,D,D,D,D,L,V,V,L,D,D,V,D,1500000,04/12/2012
30,594,L,D,L,D,V,L,D,D,D,V,V,L,V,1500000,27/11/2012
30,593,L,D,D,D,D,V,L,D,V,V,L,D,L,1500000,20/11/2012
30,592,V,L,V,D,L,L,D,L,L,V,D,V,D,1500000,13/11/2012
30,591,V,L,V,V,V,V,L,D,L,V,D,D,L,1500000,04/11/2012
30,590,L,V,D,D,V,V,D,D,L,V,D,L,V,1500000,30/10/2012
30,589,D,L,D,V,V,L,D,D,D,D,V,D,D,1500000,23/10/2012
30,588,D,L,L,L,D,D,D,D,D,V,L,V,V,1500000,16/10/2012
30,587,V,D,D,L,L,D,D,D,V,L,L,L,D,1500000,09/10/2012
30,586,L,V,V,D,D,V,D,L,V,D,D,D,V,1500000,02/10/2012
30,585,D,L,L,D,V,D,D,V,D,L,D,D,D,1500000,27/09/2012
30,584,L,L,D,D,D,L,L,L,D,L,L,L,D,1500000,18/09/2012
30,583,L,D,L,L,V,D,V,V,V,D,D,L,L,1500000,09/09/2012
30,582,L,L,D,D,L,D,D,V,D,L,L,L,D,1500000,31/08/2012
30,581,V,L,D,V,D,D,L,V,L,L,D,D,D,1500000,26/08/2012
30,580,D,V,L,D,D,V,L,D,L,V,L,D,V,1500000,19/08/2012
30,579,D,V,L,V,L,D,D,L,L,V,L,L,D,1500000,12/08/2012
30,578,L,D,L,L,L,L,V,D,D,D,D,D,D,1500000,05/02/2012
30,577,D,V,D,L,L,D,V,D,L,D,L,V,D,1500000,02/01/2012
30,576,L,D,D,L,V,L,L,V,D,D,V,D,L,1500000,27/12/2011
30,575,V,V,L,V,D,V,V,D,D,L,V,L,L,1500000,20/12/2011
30,574,D,L,V,D,D,V,L,L,V,D,D,L,L,1500000,13/12/2011
30,573,D,V,V,L,V,V,L,D,D,D,L,L,V,1500000,04/12/2011
30,572,L,V,D,D,D,D,V,D,D,V,D,D,L,1500000,29/11/2011
30,571,L,L,D,L,D,D,D,L,V,L,L,V,L,1500000,22/11/2011
30,570,L,V,V,V,L,D,D,L,V,V,D,V,L,1500000,15/11/2011
30,569,L,V,L,V,V,L,V,V,D,D,V,D,D,1500000,08/11/2011
30,568,L,D,D,D,L,L,V,L,V,L,L,L,D,1500000,01/11/2011
30,567,D,D,V,L,D,D,V,V,V,D,L,L,D,1500000,25/10/2011
30,566,L,D,L,V,L,D,D,L,L,D,D,L,L,1500000,16/10/2011
30,565,D,L,V,V,D,L,L,D,L,L,D,V,L,1500000,09/10/2011
30,564,V,D,D,V,L,D,V,D,D,D,D,L,L,1500000,02/10/2011
30,563,D,D,D,L,D,D,D,V,L,V,D,D,D,1500000,25/09/2011
30,562,L,D,V,L,V,D,D,L,L,V,L,D,L,1500000,18/09/2011
30,561,L,V,L,D,L,V,V,V,L,L,L,L,D,0,11/09/2011
30,560,V,L,L,L,V,L,D,D,D,V,V,D,V,1500000,02/09/2011
30,559,D,D,L,L,D,V,D,D,D,D,D,L,V,1500000,28/08/2011
30,558,L,L,L,L,D,L,V,V,L,L,V,D,L,0,21/08/2011
30,557,V,D,L,L,L,L,L,D,L,L,L,L,D,1500000,14/08/2011
30,556,D,V,D,D,V,L,V,L,D,V,D,D,D,0,06/02/2011
30,555,L,V,D,V,D,D,L,L,D,V,D,L,L,4000000,02/01/2011
30,554,V,V,V,D,D,L,L,L,D,D,L,L,D,4000000,26/12/2010
30,553,D,D,D,L,L,D,V,L,V,L,D,D,V,3500000,19/12/2010
30,552,L,V,D,V,L,V,L,D,L,D,L,D,D,0,12/12/2010
30,551,V,D,L,D,D,D,L,L,V,D,L,D,L,0,05/12/2010
30,550,L,L,D,D,D,D,D,D,V,V,D,V,V,3500000,29/11/2010
30,549,V,D,V,V,D,L,D,L,V,V,D,L,L,1500000,21/11/2010
30,548,L,L,L,D,D,L,D,L,V,V,D,V,V,1500000,14/11/2010
30,547,D,V,D,D,L,L,D,D,V,D,D,L,D,1500000,08/11/2010
30,546,V,L,V,V,L,L,D,L,L,L,D,L,L,1500000,31/10/2010
30,545,L,L,V,D,D,D,D,L,D,V,D,D,D,1500000,24/10/2010
30,544,L,V,D,D,D,D,L,D,L,D,D,D,V,1500000,17/10/2010
30,543,D,V,V,L,D,V,L,V,L,L,V,D,L,1500000,10/10/2010
30,542,V,L,D,D,D,D,D,D,D,V,D,L,V,1500000,03/10/2010
30,541,L,D,L,V,L,V,V,V,V,L,L,V,V,1500000,26/09/2010
30,540,D,L,D,V,D,V,L,D,L,D,L,L,D,1500000,19/09/2010
30,539,D,L,D,D,D,L,L,L,L,L,V,D,D,1500000,12/09/2010
30,538,D,L,D,D,D,L,D,D,D,D,D,D,D,1500000,02/09/2010
30,537,L,V,D,L,L,D,L,L,L,L,L,D,L,1500000,29/08/2010
30,536,L,V,L,V,V,D,D,D,L,V,D,D,D,1500000,22/08/2010
30,535,D,V,D,D,L,L,L,D,L,D,V,L,V,1500000,15/08/2010
30,534,V,V,L,D,L,D,L,L,L,D,V,D,D,1500000,08/02/2010
30,533,L,L,L,V,L,D,L,D,V,V,V,V,D,1500000,04/01/2010
30,532,L,L,L,L,V,V,L,D,D,D,V,V,D,1500000,27/12/2009
30,531,L,V,V,V,D,L,D,D,D,D,V,L,V,1500000,20/12/2009
30,530,D,V,L,L,D,L,L,V,D,V,D,V,L,1500000,13/12/2009
30,529,V,L,L,L,D,V,L,D,V,L,D,D,L,1500000,06/12/2009
30,528,D,L,L,V,L,L,D,V,D,L,L,D,L,1500000,29/11/2009
30,527,D,D,D,D,L,D,V,V,V,L,D,D,D,1500000,22/11/2009
30,526,L,D,L,D,D,D,L,L,D,L,L,L,V,500000,15/11/2009
30,525,L,V,L,D,D,L,L,L,L,D,V,D,V,1500000,08/11/2009
30,524,L,V,L,L,V,V,D,D,L,L,V,L,L,1500000,01/11/2009
30,523,L,V,L,D,V,V,V,V,V,V,L,V,V,1500000,25/10/2009
30,522,V,D,D,L,L,V,V,D,V,L,D,L,V,1000000,18/10/2009
30,521,D,D,D,D,L,L,V,V,L,D,L,V,D,1500000,11/10/2009
30,520,L,D,L,L,L,V,D,L,L,L,L,L,D,1500000,04/10/2009
30,519,L,D,V,D,L,V,V,D,L,V,L,V,L,500000,27/09/2009
30,518,L,V,V,D,L,V,D,L,L,D,L,D,D,500000,20/09/2009
30,517,L,L,V,D,V,V,L,V,D,D,D,D,D,500000,13/09/2009
30,516,L,L,L,L,V,D,L,L,D,L,V,L,L,1500000,05/09/2009
30,515,D,D,D,D,V,D,V,L,D,V,D,D,D,1500000,30/08/2009
30,514,D,L,D,V,D,L,L,D,V,L,L,V,L,500000,23/08/2009
30,513,L,L,L,D,V,L,D,D,L,L,L,D,D,1500000,16/08/2009
30,512,V,D,V,D,D,L,V,V,L,L,D,D,D,0,02/02/2009
30,511,L,L,V,L,L,V,D,L,L,D,L,D,L,3000000,28/12/2008
30,510,V,V,V,L,L,V,V,D,D,L,L,V,D,3000000,21/12/2008
30,509,D,L,D,D,D,D,L,L,D,D,V,V,L,3000000,14/12/2008
30,508,L,D,L,L,L,D,D,D,L,L,L,D,L,3000000,07/12/2008
30,507,E,V,V,E,V,E,E,V,E,V,V,L,L,1500000,30/11/2008
30,506,V,V,V,L,L,L,V,V,V,V,V,E,L,1500000,23/11/2008
30,505,E,E,V,E,L,E,L,V,E,L,E,E,E,1500000,16/11/2008
30,504,V,V,L,L,L,E,E,L,V,E,E,E,E,1500000,09/11/2008
30,503,V,E,V,L,E,E,V,E,V,V,V,E,V,1500000,02/11/2008
30,502,E,L,L,E,E,E,V,L,L,E,V,V,L,1500000,26/10/2008
30,501,L,V,V,V,L,L,L,L,L,E,E,L,L,1500000,19/10/2008
30,500,E,L,L,L,E,E,L,E,V,V,E,V,L,1500000,12/10/2008
30,499,E,L,E,L,V,E,L,E,E,L,V,L,E,1500000,05/10/2008
30,498,V,E,L,L,L,L,L,L,V,V,E,E,E,1500000,28/09/2008
30,497,L,E,L,E,L,L,E,L,L,E,L,L,L,1500000,21/09/2008
30,496,V,E,V,E,E,V,V,E,E,V,E,V,E,1500000,14/09/2008
30,495,L,D,L,L,L,D,L,V,D,V,V,D,V,1500000,07/09/2008
30,494,V,V,D,V,V,D,D,D,D,V,D,V,L,1500000,30/08/2008
30,493,L,V,D,D,L,D,L,L,D,V,D,V,V,500000,24/08/2008
30,492,D,V,D,V,V,D,L,L,D,D,L,V,D,1500000,17/08/2008
30,491,D,D,D,V,V,D,L,D,L,D,V,D,D,1500000,10/08/2008
30,490,L,D,L,V,L,D,D,L,L,D,D,D,D,500000,04/02/2008
30,489,L,V,V,L,L,L,L,D,L,D,D,V,D,1500000,30/12/2007
30,488,D,L,L,D,L,V,L,L,V,D,D,D,L,1500000,23/12/2007
30,487,L,L,D,L,V,V,L,D,V,V,L,V,L,1500000,16/12/2007
30,486,L,D,L,D,L,D,L,L,L,V,D,V,V,1500000,09/12/2007
30,485,L,D,L,L,D,V,V,D,L,D,L,D,L,1500000,02/12/2007
30,484,L,D,L,V,V,D,D,L,D,D,L,D,D,1500000,25/11/2007
30,483,V,L,D,L,V,L,D,L,V,D,D,D,L,1500000,18/11/2007
30,482,V,D,D,V,V,L,V,V,V,V,V,L,L,1500000,11/11/2007
30,481,L,L,L,L,V,L,L,D,D,D,V,D,V,1500000,04/11/2007
30,480,V,V,V,D,D,V,V,D,V,L,D,V,L,1500000,28/10/2007
30,479,D,D,D,L,V,L,L,D,D,L,L,D,V,1500000,21/10/2007
30,478,L,L,L,D,V,L,D,D,V,V,L,V,V,1500000,14/10/2007
30,477,D,L,D,L,L,V,D,L,L,D,V,V,D,1500000,07/10/2007
30,476,L,L,V,L,D,V,L,V,V,L,V,L,L,1500000,30/09/2007
30,475,L,D,D,D,L,L,L,D,D,V,V,V,V,1500000,23/09/2007
30,474,D,D,V,D,L,D,V,D,D,L,L,D,V,1500000,16/09/2007
30,473,L,V,D,L,D,V,D,V,D,L,V,L,L,1500000,09/09/2007
30,472,D,L,D,L,V,L,L,L,L,V,D,D,L,1500000,01/09/2007
30,471,V,V,L,L,D,D,L,V,D,L,D,D,D,1500000,26/08/2007
30,470,D,L,V,D,V,V,L,V,L,D,L,D,D,1500000,19/08/2007
30,469,D,L,D,D,V,D,D,D,D,D,D,V,D,1500000,12/08/2007
30,468,L,L,D,D,D,V,D,D,D,L,L,D,D,1500000,04/02/2007
30,467,L,L,V,L,V,V,D,D,V,L,V,V,L,0,01/01/2007
30,466,V,V,D,D,D,V,V,D,D,D,D,D,D,0,26/12/2006
30,465,L,L,L,L,L,V,V,V,D,D,V,L,V,0,19/12/2006
30,464,V,V,V,V,L,V,V,D,D,V,D,L,V,0,12/12/2006
30,463,V,V,D,D,V,D,L,V,D,L,L,V,D,0,05/12/2006
30,462,D,D,D,V,L,D,V,D,L,L,D,L,L,0,28/11/2006
30,461,L,D,V,V,L,D,V,D,V,D,L,D,V,0,21/11/2006
30,460,D,D,V,D,D,D,D,V,D,L,D,V,D,0,14/11/2006
30,459,L,D,D,L,D,V,V,V,L,D,L,V,L,0,07/11/2006
30,458,L,D,V,D,V,L,L,L,L,D,L,L,V,0,31/10/2006
30,457,D,L,V,L,V,D,D,D,V,L,V,L,V,0,24/10/2006
30,456,D,D,D,L,V,D,D,D,L,D,V,L,D,0,17/10/2006
30,455,L,L,L,L,D,D,D,L,D,L,L,L,L,0,10/10/2006
30,454,L,V,D,D,D,D,D,L,L,D,D,V,L,0,03/10/2006
30,453,D,D,V,L,V,D,V,D,L,V,D,V,L,0,26/09/2006
30,452,V,D,L,L,V,D,L,L,L,D,V,L,L,0,19/09/2006
30,451,V,V,D,V,L,D,V,V,D,V,L,L,D,0,12/09/2006
30,450,D,V,L,D,D,V,D,D,V,L,D,V,L,0,03/09/2006
30,449,V,L,D,L,D,V,L,L,L,V,D,L,L,0,29/08/2006
30,448,V,D,L,V,D,L,V,V,V,L,L,L,V,0,22/08/2006
30,447,L,L,D,D,L,L,D,D,L,D,L,V,D,0,15/08/2006
30,446,V,L,V,V,D,L,L,V,V,L,L,D,D,0,06/02/2006
30,445,D,D,D,V,L,L,L,D,L,D,L,D,V,0,02/01/2006
30,444,D,V,D,D,V,L,L,L,D,L,L,V,L,0,27/12/2005
30,443,L,V,L,D,V,V,D,D,V,D,D,L,L,0,20/12/2005
30,442,L,D,V,L,L,V,D,D,D,D,D,D,L,0,13/12/2005
30,441,D,L,L,D,D,D,V,L,V,D,L,L,V,0,06/12/2005
30,440,L,D,D,L,L,D,L,D,V,V,D,D,D,0,29/11/2005
30,439,V,L,L,V,D,L,D,L,D,L,L,D,V,0,22/11/2005
30,438,L,L,L,L,D,V,L,D,V,L,L,V,L,0,15/11/2005
30,437,V,V,D,V,L,L,D,D,D,V,V,V,L,0,08/11/2005
30,436,L,D,D,L,D,V,L,V,L,L,D,L,D,0,01/11/2005
30,435,D,D,V,L,L,V,D,L,D,D,L,D,L,0,25/10/2005
30,434,D,D,V,L,D,L,L,D,L,L,V,L,L,0,18/10/2005
30,433,L,L,D,D,L,D,D,V,V,D,L,D,D,0,11/10/2005
30,432,L,V,D,D,V,D,V,D,L,L,D,L,L,0,04/10/2005
30,431,V,D,V,L,D,L,D,D,D,L,D,L,L,0,27/09/2005
30,430,L,L,L,L,L,L,V,V,D,D,D,L,D,0,20/09/2005
30,429,D,V,L,L,D,L,L,V,L,D,L,D,V,0,13/09/2005
30,428,V,D,L,V,D,D,L,D,V,L,D,D,V,0,04/09/2005
30,427,L,V,D,D,V,D,D,D,D,D,L,D,V,0,30/08/2005
30,426,L,V,V,L,D,L,D,V,D,D,V,D,L,0,23/08/2005
30,425,D,L,V,D,L,L,V,D,D,L,D,L,L,0,16/08/2005
30,424,L,D,V,V,D,L,L,L,V,L,D,D,D,0,06/02/2005
30,423,L,D,D,V,V,D,D,D,D,D,L,V,L,0,02/01/2005
30,422,D,V,D,D,D,V,L,L,V,V,V,D,D,0,26/12/2004
30,421,D,V,V,V,D,D,V,L,D,L,D,L,D,0,19/12/2004
30,420,L,L,L,V,D,V,L,D,D,L,D,L,L,0,12/12/2004
30,419,D,L,V,L,L,V,V,L,L,V,D,L,L,0,05/12/2004
30,418,L,L,L,L,D,L,L,V,L,D,V,V,V,0,28/11/2004
30,417,L,L,V,D,D,D,D,V,L,D,L,D,L,0,21/11/2004
30,416,V,L,V,L,D,L,D,L,D,V,D,D,V,0,14/11/2004
30,415,V,D,D,L,V,D,L,D,V,L,V,L,V,0,07/11/2004
30,414,L,L,L,L,L,V,D,L,V,V,D,L,L,0,31/10/2004
30,413,L,V,D,D,L,L,L,V,L,D,L,L,D,0,24/10/2004
30,412,L,D,L,D,L,V,D,L,L,L,V,D,V,0,17/10/2004
30,411,D,V,V,D,L,L,D,L,D,L,D,D,D,0,10/10/2004
30,410,L,V,V,D,V,L,V,L,L,V,V,L,D,0,03/10/2004
30,409,L,D,V,V,D,V,D,L,D,D,L,L,L,0,27/09/2004
30,408,L,L,L,D,V,D,D,V,D,V,L,D,D,0,19/09/2004
30,407,D,D,L,V,V,V,L,D,L,D,L,L,D,0,12/09/2004
30,406,V,D,D,D,V,D,D,V,L,D,L,L,D,0,05/09/2004
30,405,L,D,L,D,L,D,L,L,D,D,L,L,D,0,29/08/2004
30,404,D,L,L,L,D,V,L,V,D,L,D,V,V,0,22/08/2004
30,403,D,L,L,L,L,D,L,L,D,L,L,D,D,0,15/08/2004
30,402,L,D,L,D,D,V,D,D,L,V,D,V,V,0,01/02/2004
30,401,L,V,V,V,D,D,L,D,L,L,V,L,L,0,28/12/2003
30,400,D,L,D,V,L,V,D,L,D,D,L,L,D,0,21/12/2003
30,399,L,D,V,L,L,D,D,D,D,L,D,D,V,0,14/12/2003
30,398,L,L,L,D,L,V,L,V,V,L,L,L,L,0,07/12/2003
30,397,D,L,D,V,D,L,D,V,L,D,L,V,D,0,30/11/2003
30,396,D,D,D,D,L,V,D,L,V,D,V,D,V,0,23/11/2003
30,395,L,D,D,D,L,D,L,D,D,L,L,V,L,0,16/11/2003
30,394,V,L,V,D,L,L,D,L,L,D,L,D,D,0,09/11/2003
30,393,L,D,D,L,D,D,L,L,L,D,L,V,L,0,02/11/2003
30,392,D,D,D,L,L,L,V,D,V,V,D,L,L,0,26/10/2003
30,391,L,V,L,L,D,V,D,D,V,L,D,L,L,0,19/10/2003
30,390,V,D,L,L,D,V,L,D,D,V,V,L,D,0,12/10/2003
30,389,L,L,D,D,V,V,D,D,L,L,D,L,D,0,05/10/2003
30,388,L,L,L,V,D,V,D,V,L,V,D,V,D,0,28/09/2003
30,387,V,L,V,V,L,L,V,V,L,D,D,V,D,0,21/09/2003
30,386,V,L,L,V,L,D,L,D,D,V,D,V,V,0,14/09/2003
30,385,L,L,V,D,D,D,D,L,L,L,V,L,L,0,07/09/2003
30,384,V,V,V,L,L,D,D,D,D,L,L,V,L,0,04/09/2003
30,383,V,L,V,L,D,L,V,L,V,D,D,L,L,0,24/08/2003
30,382,D,V,V,L,L,L,D,L,V,D,D,L,D,0,17/08/2003
30,381,D,D,L,D,D,D,D,L,D,V,V,L,L,0,10/08/2003
30,380,D,L,V,D,L,D,L,L,L,V,L,D,D,0,26/01/2003
30,379,D,L,L,V,D,D,D,D,D,L,L,L,D,0,29/12/2002
30,378,D,D,V,L,D,L,V,L,L,V,L,D,L,0,22/12/2002
30,377,D,D,L,D,D,L,D,L,D,L,L,L,D,0,15/12/2002
30,376,L,L,L,V,D,L,D,D,D,V,V,D,V,0,08/12/2002
30,375,L,L,D,D,D,V,L,L,D,D,L,L,L,0,01/12/2002
30,374,V,L,L,D,V,D,L,D,L,L,V,D,D,0,24/11/2002
30,373,D,L,D,V,L,L,L,L,L,D,V,D,V,0,17/11/2002
30,372,V,D,D,L,L,L,V,V,V,V,L,D,D,0,10/11/2002
30,371,V,D,V,V,D,L,V,D,D,V,D,V,V,0,03/11/2002
30,370,V,D,D,L,D,D,L,L,V,D,L,V,D,0,27/10/2002
30,369,V,L,L,L,D,D,L,L,L,L,D,D,L,0,20/10/2002
30,368,D,V,V,D,V,V,D,L,V,L,L,D,L,0,13/10/2002
30,367,V,D,V,L,L,D,V,D,V,D,L,D,L,0,06/10/2002
30,366,V,D,L,D,D,D,L,L,L,D,V,L,L,0,29/09/2002
30,365,V,V,D,L,V,D,D,L,D,V,D,D,L,0,22/09/2002
30,364,D,L,L,L,V,V,V,V,V,D,D,V,L,0,15/09/2002
30,363,L,D,D,D,D,V,L,D,D,D,D,L,L,0,08/09/2002
30,362,D,L,L,D,V,L,L,D,L,D,D,D,L,0,01/09/2002
30,361,D,V,D,V,L,V,D,V,L,V,D,L,D,0,25/08/2002
30,360,L,V,D,D,L,L,V,D,D,D,L,V,V,0,18/08/2002
30,359,L,D,L,D,L,V,V,D,D,D,V,V,V,0,11/08/2002
30,358,D,D,D,L,V,V,L,V,L,L,L,D,D,0,06/01/2002
30,357,L,V,L,D,V,D,L,D,L,D,D,D,D,0,30/12/2001
30,356,L,L,D,D,D,L,L,L,D,D,D,L,V,0,23/12/2001
30,355,D,V,L,D,D,D,D,D,V,L,L,L,D,0,16/12/2001
30,354,D,L,L,D,D,V,L,L,L,L,V,D,L,0,09/12/2001
30,353,D,D,L,D,L,D,D,V,D,V,D,D,D,0,02/12/2001
30,352,V,D,D,D,L,V,V,L,V,V,D,L,V,0,25/11/2001
30,351,D,D,V,L,V,V,D,D,V,L,L,L,V,0,18/11/2001
30,350,L,L,L,L,V,L,D,D,D,L,L,D,V,0,11/11/2001
30,349,D,D,L,D,D,D,V,D,L,V,V,D,L,0,04/11/2001
30,348,D,D,L,D,L,D,D,D,L,D,D,L,V,0,28/10/2001
30,347,V,V,L,D,V,V,V,V,D,L,L,L,L,0,21/10/2001
30,346,V,L,L,L,D,D,D,D,D,D,D,L,D,0,14/10/2001
30,345,V,D,V,L,L,L,D,L,L,D,L,L,D,0,07/10/2001
30,344,L,V,L,V,L,L,V,D,V,V,L,V,L,0,30/09/2001
30,343,L,L,L,L,L,L,V,D,V,L,D,V,D,0,23/09/2001
30,341,V,L,L,V,D,V,D,L,D,D,D,D,L,0,09/09/2001
30,340,D,D,L,L,L,V,L,D,D,L,L,L,L,0,02/09/2001
30,339,D,D,L,L,D,L,D,D,V,L,D,V,V,0,26/08/2001
30,338,L,L,V,V,D,V,D,L,D,D,D,D,D,0,19/08/2001
30,337,D,D,L,V,D,L,V,L,V,D,D,V,L,0,12/08/2001
30,336,D,L,V,L,D,L,L,D,L,V,D,D,L,0,24/12/2000
30,335,L,D,L,L,D,D,D,D,L,V,D,L,V,0,17/12/2000
30,334,L,D,L,L,L,L,V,L,L,D,D,L,L,0,10/12/2000
30,333,D,L,L,V,V,D,D,L,V,D,L,L,V,0,03/12/2000
30,332,L,V,L,L,L,D,V,D,V,L,V,D,D,0,26/11/2000
30,331,L,D,L,D,L,V,D,V,D,L,L,V,D,0,19/11/2000
30,330,L,D,D,L,L,L,V,D,V,D,L,V,V,0,12/11/2000
30,329,V,D,D,D,V,V,D,L,V,V,L,D,D,0,05/11/2000
30,328,L,D,V,L,L,L,D,D,D,D,V,L,V,0,29/10/2000
30,327,L,L,D,D,L,L,D,L,L,V,L,L,V,0,22/10/2000
30,326,L,L,L,L,L,D,D,D,L,V,V,V,D,0,15/10/2000
30,325,D,L,L,L,V,V,V,D,L,V,V,D,L,0,08/10/2000
30,324,L,V,D,D,V,L,V,L,L,D,V,V,D,0,01/10/2000
30,323,L,L,V,L,V,V,V,D,L,V,D,D,V,0,24/09/2000
30,322,D,D,L,L,D,D,L,V,V,V,L,V,L,0,17/09/2000
30,321,L,V,L,D,D,D,V,V,L,V,D,D,D,0,10/09/2000
30,320,D,V,D,D,D,V,V,L,D,D,V,D,L,0,03/09/2000
30,319,D,L,V,L,L,V,D,L,D,V,D,D,D,0,27/08/2000
30,318,D,D,V,L,D,V,D,D,D,D,L,D,V,0,20/08/2000
30,317,D,L,L,D,L,L,D,L,L,L,L,D,D,0,13/08/2000
30,316,D,L,D,L,L,D,D,L,V,D,D,D,V,0,06/08/2000
30,315,L,L,L,L,L,L,D,L,L,V,L,L,D,0,02/01/2000
30,314,V,L,D,L,L,L,D,L,V,L,L,D,D,0,26/12/1999
30,313,L,L,L,L,V,L,L,L,D,D,D,D,L,0,19/12/1999
30,312,L,V,D,L,L,D,D,L,V,L,L,D,D,0,12/12/1999
30,311,V,V,D,L,L,V,L,L,L,L,D,D,L,0,05/12/1999
30,310,D,L,V,V,V,L,L,D,L,V,D,L,V,0,28/11/1999
30,309,L,L,V,L,V,L,D,V,D,D,D,L,V,0,21/11/1999
30,308,L,D,V,L,L,D,L,V,L,D,D,L,L,0,14/11/1999
30,307,D,D,V,V,D,V,L,L,D,L,V,V,V,0,07/11/1999
30,306,V,D,L,L,D,L,V,D,D,L,V,D,V,0,31/10/1999
30,305,D,D,L,L,D,V,L,D,L,L,L,V,D,0,24/10/1999
30,304,D,L,D,D,D,D,D,V,V,D,D,L,D,0,18/10/1999
30,303,D,D,D,D,D,D,D,V,L,D,D,D,L,0,10/10/1999
30,302,D,L,D,V,V,D,D,V,L,D,L,V,D,0,03/10/1999
30,301,D,L,L,L,D,L,L,V,V,L,V,D,D,0,26/09/1999
30,300,D,L,D,D,D,D,V,D,V,V,L,L,L,0,19/09/1999
30,299,D,L,L,L,D,D,D,D,D,V,D,D,L,0,12/09/1999
30,298,V,L,D,L,D,D,V,D,L,D,L,V,V,0,05/09/1999
30,297,L,D,L,L,D,V,V,L,V,D,D,L,L,0,29/08/1999
30,296,L,D,L,D,L,V,L,V,L,L,V,V,D,0,22/08/1999
30,295,D,L,D,L,V,D,L,V,L,D,L,L,V,0,15/08/1999
30,294,V,V,V,V,L,D,L,L,V,V,L,D,L,0,27/12/1998
30,293,V,D,V,L,D,L,L,D,L,D,D,V,D,0,20/12/1998
30,292,D,V,D,L,D,L,L,L,D,D,D,V,L,0,13/12/1998
30,291,D,V,L,L,L,V,D,D,D,D,D,V,D,0,06/12/1998
30,290,L,L,L,V,L,L,V,L,V,D,L,D,V,0,29/11/1998
30,289,D,L,D,L,L,L,L,L,V,D,D,V,L,0,22/11/1998
30,288,L,D,D,D,L,L,L,L,D,V,V,D,D,0,15/11/1998
30,287,V,L,D,L,L,L,D,V,L,D,L,L,D,0,08/11/1998
30,286,V,D,V,V,D,D,D,L,L,L,V,D,L,0,01/11/1998
30,285,D,V,L,L,L,V,D,V,D,D,L,L,V,0,25/10/1998
30,284,V,D,L,L,D,L,D,L,L,D,D,D,L,0,18/10/1998
30,283,L,V,V,L,L,D,V,D,D,L,D,L,D,0,11/10/1998
30,282,D,V,D,L,V,D,L,D,D,D,L,D,L,0,04/10/1998
30,281,L,V,D,V,V,D,D,D,D,L,D,V,D,0,27/09/1998
30,280,D,V,L,V,L,L,D,L,L,L,L,L,V,0,20/09/1998
30,279,V,D,D,D,D,D,V,D,D,L,L,L,D,0,13/09/1998
30,278,D,L,D,V,V,V,L,V,L,L,D,V,D,0,06/09/1998
30,277,L,L,L,V,V,D,L,D,D,D,V,L,L,0,30/08/1998
30,276,V,D,D,D,D,L,D,V,L,V,D,L,D,0,24/08/1998
30,275,D,D,L,D,D,L,D,V,D,L,L,D,V,0,17/08/1998
30,274,V,D,D,L,D,D,L,V,D,L,D,V,D,0,09/08/1998
30,273,L,V,D,L,L,L,V,D,L,D,V,D,L,0,21/12/1997
30,272,L,D,L,D,D,D,L,D,L,L,V,V,D,0,14/12/1997
30,271,V,L,L,V,D,V,L,V,L,V,V,L,V,0,07/12/1997
30,270,L,L,D,D,D,D,L,D,L,V,V,D,V,0,30/11/1997
30,269,D,L,L,L,D,D,L,D,D,D,D,D,L,0,23/11/1997
30,268,L,D,L,D,D,L,L,L,D,D,D,L,V,0,16/11/1997
30,267,L,L,V,L,L,L,L,V,L,V,D,D,D,0,09/11/1997
30,266,V,D,D,D,L,D,L,D,V,L,D,L,D,0,02/11/1997
30,265,V,D,D,D,D,V,D,V,V,V,L,D,L,0,26/10/1997
30,264,V,V,D,V,D,D,V,V,L,D,V,D,V,0,19/10/1997
30,263,L,V,D,D,L,L,V,D,V,L,L,V,L,0,12/10/1997
30,262,L,L,L,D,L,D,V,D,L,D,D,D,V,0,05/10/1997
30,261,L,D,D,V,L,L,L,D,D,L,V,L,D,0,28/09/1997
30,260,V,L,V,L,L,V,D,D,L,L,D,L,D,0,21/09/1997
30,259,L,L,D,D,D,V,D,D,V,V,L,L,V,0,14/09/1997
30,258,D,D,L,D,D,V,V,D,V,D,V,D,L,0,07/09/1997
30,257,D,L,V,D,V,L,D,L,L,D,L,V,L,0,31/08/1997
30,256,L,D,L,D,D,D,V,D,D,D,L,D,L,0,24/08/1997
30,255,L,D,V,D,D,L,V,L,L,L,V,L,L,0,18/08/1997
30,254,L,L,D,L,D,V,D,D,V,V,L,D,D,0,10/08/1997
30,253,D,D,D,V,D,V,L,D,V,L,L,L,L,0,04/08/1997
30,252,D,D,D,L,D,L,L,D,D,L,L,V,L,0,22/12/1996
30,251,D,L,V,L,D,V,V,D,L,V,V,D,D,0,15/12/1996
30,250,D,L,L,L,D,V,V,L,L,D,L,D,L,0,08/12/1996
30,249,D,L,L,L,L,D,D,L,L,L,V,V,L,0,01/12/1996
30,248,D,L,L,L,V,V,D,L,D,D,D,L,D,0,24/11/1996
30,247,D,L,D,D,D,V,D,L,V,L,D,V,L,0,17/11/1996
30,246,L,L,L,V,D,V,L,D,D,D,D,D,L,0,10/11/1996
30,245,D,D,D,D,V,L,V,V,L,L,L,L,L,0,03/11/1996
30,244,V,D,D,L,V,D,D,L,L,V,L,V,L,0,27/10/1996
30,243,D,L,L,D,V,L,L,D,L,L,D,L,D,0,20/10/1996
30,242,V,V,V,V,L,L,D,D,D,L,L,V,L,0,13/10/1996
30,241,L,V,L,V,V,D,V,D,V,D,L,D,V,0,06/10/1996
30,240,V,L,L,D,D,L,D,L,V,D,D,L,V,0,29/09/1996
30,239,D,D,L,D,L,V,V,V,D,D,L,D,D,0,22/09/1996
30,238,V,D,D,L,L,L,L,L,L,D,L,V,V,0,15/09/1996
30,237,D,L,L,V,L,D,V,L,L,L,L,L,V,0,08/09/1996
30,236,D,L,D,L,L,D,L,D,V,L,L,L,L,0,01/09/1996
30,235,D,V,V,V,D,V,V,D,D,L,L,D,L,0,25/08/1996
30,234,L,V,L,D,V,L,V,V,L,D,D,L,L,0,18/08/1996
30,233,L,V,D,L,L,V,L,L,D,L,D,D,D,0,11/08/1996
30,232,D,V,V,D,V,D,D,D,L,L,D,L,D,0,04/08/1996
30,231,V,V,D,D,V,D,V,D,D,D,L,D,V,0,24/12/1995
30,230,L,V,D,D,L,L,D,L,L,V,D,D,D,0,17/12/1995
30,229,L,D,V,D,D,V,V,D,D,V,V,D,L,0,10/12/1995
30,228,D,L,L,D,V,D,L,L,L,D,L,D,L,0,03/12/1995
30,227,D,D,L,V,L,V,D,L,D,L,L,L,L,0,26/11/1995
30,226,L,V,V,V,L,V,V,L,D,D,V,D,L,0,19/11/1995
30,225,D,L,V,D,D,V,D,V,D,V,V,D,D,0,12/11/1995
30,224,D,L,D,V,L,D,D,D,L,D,D,D,V,0,05/11/1995
30,223,D,V,L,L,L,D,L,V,D,D,L,D,D,0,29/10/1995
30,222,D,D,D,D,L,L,L,V,V,V,V,L,D,0,22/10/1995
30,221,D,L,D,D,D,D,D,L,D,V,L,D,V,0,15/10/1995
30,220,D,D,L,D,L,D,D,D,L,L,D,V,V,0,08/10/1995
30,219,D,D,L,D,D,V,L,D,V,L,V,V,V,0,01/10/1995
30,218,D,V,L,L,L,L,V,L,L,L,L,L,V,0,24/09/1995
30,217,D,D,V,D,L,D,V,D,L,L,D,V,D,0,17/09/1995
30,216,L,L,V,D,D,V,D,D,L,L,L,L,V,0,10/09/1995
30,215,D,D,D,D,V,D,D,V,L,V,L,L,L,0,03/09/1995
30,214,D,V,D,L,V,L,D,L,L,V,D,D,L,0,27/08/1995
30,213,L,L,D,V,L,L,L,D,D,L,V,L,D,0,20/08/1995
30,212,L,D,L,D,V,D,L,D,D,L,D,D,V,0,13/08/1995
30,211,D,V,V,D,V,L,L,D,D,V,L,L,L,0,06/08/1995
30,210,D,D,D,V,V,D,L,V,D,L,D,D,D,0,25/12/1994
30,209,L,L,D,L,L,D,V,V,D,L,L,D,D,0,18/12/1994
30,208,V,D,L,L,L,L,D,L,L,V,D,D,V,0,11/12/1994
30,207,V,D,V,D,L,V,D,V,L,D,V,V,D,0,04/12/1994
30,206,D,D,D,L,D,L,D,D,D,D,L,D,V,0,27/11/1994
30,205,L,L,L,L,D,D,D,L,D,D,V,D,D,0,20/11/1994
30,204,L,V,D,D,D,V,D,D,D,L,D,L,L,0,13/11/1994
30,203,L,V,L,D,L,D,D,D,V,L,D,D,D,0,06/11/1994
30,202,L,V,V,D,D,L,V,D,L,D,V,D,L,0,30/10/1994
30,201,V,D,D,D,L,D,D,L,V,L,V,D,L,0,23/10/1994
30,200,V,D,D,V,D,D,V,D,L,V,L,L,V,0,16/10/1994
30,199,L,L,L,L,L,L,L,D,L,L,V,L,D,0,09/10/1994
30,198,L,V,D,V,L,D,L,D,D,L,L,D,V,0,02/10/1994
30,197,D,L,L,V,V,V,D,L,L,D,L,L,D,0,25/09/1994
30,196,V,L,V,D,L,V,D,D,L,V,V,V,L,0,18/09/1994
30,195,V,D,L,L,L,L,V,V,L,D,D,V,V,0,11/09/1994
30,194,L,L,V,D,V,V,D,L,D,D,V,D,V,0,04/09/1994
30,193,L,L,L,L,L,L,D,L,D,L,D,D,D,0,28/08/1994
30,192,D,L,L,L,D,D,L,D,V,L,D,V,L,0,21/08/1994
30,191,D,L,V,L,V,L,V,D,D,V,L,V,D,0,15/08/1994
30,190,D,L,D,L,L,L,L,D,V,L,V,L,V,0,07/08/1994
30,189,D,D,V,L,D,L,D,V,L,L,L,D,V,0,02/01/1994
30,188,D,D,D,L,L,L,D,V,L,L,V,L,L,0,26/12/1993
30,187,V,V,L,V,V,L,D,D,D,D,V,L,V,0,19/12/1993
30,186,D,D,D,D,D,D,L,D,V,V,D,D,V,0,12/12/1993
30,185,D,L,L,D,D,V,D,D,D,D,V,L,D,0,05/12/1993
30,184,V,D,L,D,D,D,D,D,D,L,V,D,V,0,28/11/1993
30,183,D,L,D,D,L,L,V,L,D,D,D,L,D,0,21/11/1993
30,182,L,D,D,V,D,D,V,L,V,L,V,D,V,0,14/11/1993
30,181,L,L,L,D,V,L,V,V,L,L,D,L,L,0,07/11/1993
30,180,L,V,L,L,V,L,D,D,V,L,D,V,L,0,31/10/1993
30,179,D,D,L,V,L,V,V,L,V,D,D,D,L,0,24/10/1993
30,178,V,V,V,L,D,V,V,L,L,L,D,L,L,0,17/10/1993
30,177,L,L,V,V,V,D,V,V,V,L,L,D,D,0,10/10/1993
30,176,V,L,D,L,D,L,L,L,L,L,V,D,L,0,03/10/1993
30,175,D,D,L,V,L,L,D,V,V,D,L,D,V,0,26/09/1993
30,174,D,V,D,D,V,L,L,L,D,D,L,D,D,0,19/09/1993
30,173,D,L,D,L,D,D,D,D,L,V,D,V,L,0,12/09/1993
30,172,V,D,L,L,V,V,D,D,L,L,D,D,L,0,05/09/1993
30,171,V,D,L,L,L,D,D,L,L,L,V,D,L,0,27/12/1992
30,170,L,L,D,D,L,D,L,D,D,L,V,D,D,0,20/12/1992
30,169,L,L,V,L,D,D,L,L,D,L,V,D,D,0,13/12/1992
30,168,V,L,L,L,D,L,V,D,D,L,L,D,V,0,06/12/1992
30,167,L,L,V,L,V,L,L,L,V,D,D,V,D,0,29/11/1992
30,166,D,L,D,D,V,D,L,V,D,L,L,V,L,0,22/11/1992
30,165,D,D,D,D,D,D,D,D,D,L,D,D,L,0,15/11/1992
30,164,D,V,V,L,L,V,V,V,L,D,L,D,V,0,08/11/1992
30,163,L,V,L,V,D,D,L,L,D,L,L,L,L,0,01/11/1992
30,162,L,L,D,V,L,V,D,L,D,D,V,D,V,0,25/10/1992
30,161,D,V,L,L,L,D,V,L,L,D,V,V,L,0,18/10/1992
30,160,D,L,L,D,D,L,L,L,V,L,L,V,D,0,11/10/1992
30,159,L,D,D,D,L,V,V,D,D,D,D,L,D,0,04/10/1992
30,158,L,L,L,L,L,V,V,V,L,D,D,L,L,0,27/09/1992
30,157,V,D,L,D,D,V,D,D,V,D,L,L,V,0,20/09/1992
30,156,D,L,L,D,L,D,L,L,D,V,L,L,L,0,13/09/1992
30,155,V,V,L,D,L,D,D,D,D,V,D,L,V,0,06/09/1992
30,154,D,V,D,L,D,L,L,D,D,V,D,D,L,0,22/12/1991
30,153,V,L,L,L,V,L,D,D,D,D,L,L,D,0,15/12/1991
30,152,V,V,L,D,L,D,L,D,V,D,L,D,D,0,08/12/1991
30,151,V,D,D,D,V,D,L,L,V,L,L,D,V,0,01/12/1991
30,150,D,D,D,V,L,D,D,V,D,V,V,D,L,0,24/11/1991
30,149,L,V,L,D,V,V,L,V,D,L,L,D,L,0,17/11/1991
30,148,V,L,V,D,L,D,D,D,L,V,D,V,D,0,10/11/1991
30,147,D,L,L,D,L,D,D,D,L,L,V,D,D,0,03/11/1991
30,146,V,L,L,D,L,D,V,L,D,V,L,V,L,0,27/10/1991
30,145,V,D,V,D,V,V,D,L,D,D,L,D,D,0,20/10/1991
30,144,D,L,L,V,L,L,L,D,V,L,D,L,D,0,13/10/1991
30,143,V,V,D,D,L,V,D,D,D,D,V,L,V,0,06/10/1991
30,142,D,V,V,L,L,V,D,D,D,L,D,L,L,0,29/09/1991
30,141,L,D,V,D,V,D,D,L,L,L,L,L,V,0,22/09/1991
30,140,L,D,L,D,V,L,D,D,D,D,D,D,L,0,15/09/1991
30,139,D,D,V,L,L,D,D,V,V,L,L,D,L,0,08/09/1991
30,138,L,L,D,D,V,V,V,L,D,D,V,D,L,0,01/09/1991
30,137,V,V,D,L,L,D,D,D,L,L,L,D,D,0,30/12/1990
30,136,V,D,L,L,L,L,L,L,L,L,D,D,D,0,23/12/1990
30,135,D,D,V,D,L,V,V,L,L,D,L,L,L,0,16/12/1990
30,134,V,L,V,L,L,L,V,D,D,D,L,D,D,0,09/12/1990
30,133,L,D,D,D,V,V,L,L,D,D,D,D,L,0,02/12/1990
30,132,D,L,D,D,L,V,V,L,L,D,V,L,V,0,25/11/1990
30,131,V,L,V,L,L,D,L,D,D,D,D,D,L,0,18/11/1990
30,130,D,V,D,D,D,V,V,L,D,L,L,V,V,0,11/11/1990
30,129,L,D,D,L,V,L,L,V,L,D,V,D,V,0,04/11/1990
30,128,L,L,V,V,V,V,L,D,D,V,D,L,L,0,28/10/1990
30,127,D,V,D,D,V,L,D,D,L,L,D,L,V,0,21/10/1990
30,126,D,L,D,D,L,L,V,V,V,L,D,V,L,0,14/10/1990
30,125,V,V,V,V,D,D,D,L,D,V,D,D,L,0,07/10/1990
30,124,L,V,L,L,D,D,D,V,D,L,L,V,V,0,30/09/1990
30,123,D,D,L,V,L,D,L,L,V,D,D,L,D,0,23/09/1990
30,122,D,L,L,V,D,D,D,V,D,L,V,D,L,0,16/09/1990
30,121,V,L,L,D,D,V,L,L,L,D,D,L,D,0,09/09/1990
30,120,V,V,D,V,V,L,D,L,D,L,V,L,D,0,24/12/1989
30,119,L,V,V,L,L,D,L,V,L,L,L,D,D,0,17/12/1989
30,118,D,L,L,V,V,D,V,D,V,D,D,V,D,0,10/12/1989
30,117,V,V,D,V,D,D,D,L,V,V,D,D,V,0,03/12/1989
30,116,D,V,V,L,L,L,D,V,D,L,D,L,D,0,26/11/1989
30,115,D,L,L,D,D,D,V,D,D,D,L,L,L,0,19/11/1989
30,114,L,V,D,L,L,V,V,D,V,L,V,D,L,0,12/11/1989
30,113,D,D,D,V,D,D,D,D,L,L,V,D,L,0,05/11/1989
30,112,D,D,L,L,D,L,V,L,L,D,D,V,L,0,29/10/1989
30,111,L,D,V,D,L,L,D,V,L,D,L,V,V,0,22/10/1989
30,110,D,L,D,V,D,V,D,L,D,L,V,V,D,0,15/10/1989
30,109,L,L,V,D,L,L,L,D,L,D,D,D,D,0,08/10/1989
30,108,D,D,D,V,L,L,V,L,D,D,V,V,D,0,01/10/1989
30,107,D,D,V,L,L,L,V,V,V,D,L,L,V,0,24/09/1989
30,106,D,D,V,D,L,D,L,L,V,L,L,V,D,0,17/09/1989
30,105,D,L,V,D,D,D,D,V,L,L,D,L,L,0,10/09/1989
30,104,D,L,D,V,D,L,D,L,D,L,D,V,V,0,18/12/1988
30,103,L,D,L,D,L,V,L,L,D,L,L,D,L,0,11/12/1988
30,102,D,L,D,D,L,D,L,L,V,D,D,D,D,0,04/12/1988
30,101,V,L,L,L,D,D,D,L,L,L,D,V,D,0,27/11/1988
30,100,V,V,L,V,L,L,D,V,D,L,D,D,V,0,20/11/1988
30,99,V,D,V,V,D,D,D,D,L,D,D,D,L,0,13/11/1988
30,98,L,L,L,L,L,D,L,L,D,V,D,L,D,0,06/11/1988
30,97,V,D,D,D,L,L,L,D,D,D,L,D,D,0,30/10/1988
30,96,L,D,L,D,D,L,V,D,V,V,V,L,V,0,23/10/1988
30,95,L,V,V,D,D,L,V,D,L,L,D,D,L,0,16/10/1988
30,94,D,L,D,V,V,D,L,V,D,L,L,D,V,0,09/10/1988
30,93,D,L,D,V,V,D,L,V,D,L,L,D,V,0,02/10/1988
30,92,D,V,D,L,D,D,L,V,L,V,L,D,V,0,25/09/1988
30,91,D,L,L,L,D,D,L,D,V,V,V,L,D,0,18/09/1988
30,90,D,D,L,L,D,D,L,V,V,D,L,D,D,0,11/09/1988
30,89,L,D,D,D,V,L,D,L,V,L,L,D,V,0,04/09/1988
